revenue,gross_margin_pct,conversion_rate,cac,return_rate,order_count,sessions,spend,data_completeness,freshness_hours,region_EU,region_RoW,region_UK
1411.34,0.40684654300168627,0.027559055118110236,32.086,0.2857142857142857,7,254,641.72,1.0,0.0,1.0,0.0,0.0
28956.72,0.3964129984335243,0.02246705551955066,20.8812865497076,0.25,104,4629,7141.4,1.0,0.0,0.0,0.0,1.0
2541.57,0.40277682692194194,0.026143790849673203,32.086,0.0,4,153,641.72,1.0,24.0,1.0,0.0,0.0
50368.42,0.4110026560293136,0.02296387017758726,20.8812865497076,0.30666666666666664,75,3266,7141.4,1.0,24.0,0.0,0.0,1.0
3451.77,0.3967411212218659,0.030303030303030304,32.086,0.16666666666666666,6,198,641.72,1.0,48.0,1.0,0.0,0.0
258.9,0.37908458864426414,0.030303030303030304,43.44,0.0,1,33,130.32,1.0,48.0,0.0,1.0,0.0
33986.05,0.39494542319569353,0.02007587733164717,20.8812865497076,0.5669291338582677,127,6326,7141.4,1.0,48.0,0.0,0.0,1.0
5265.7,0.39117247469472244,0.031914893617021274,32.086,0.5333333333333333,15,470,641.72,1.0,72.0,1.0,0.0,0.0
3794.3999999999996,0.35000000000000003,0.024390243902439025,43.44,0.0,1,41,130.32,1.0,72.0,0.0,1.0,0.0
27626.75,0.4029919190639507,0.028996469994957134,20.8812865497076,0.5565217391304348,115,3966,7141.4,1.0,72.0,0.0,0.0,1.0
4322.31,0.39319449553595187,0.01904761904761905,32.086,0.0,4,210,641.72,1.0,96.0,1.0,0.0,0.0
27105.04,0.39902086106495327,0.017140173749706503,20.8812865497076,0.9452054794520548,73,4259,7141.4,1.0,96.0,0.0,0.0,1.0
3590.59,0.403273668115825,0.04,43.44,0.0,1,25,130.32,1.0,144.0,0.0,1.0,0.0
13627.03,0.3992292891407739,0.04107292539815591,20.8812865497076,0.24489795918367346,49,1193,7141.4,1.0,144.0,0.0,0.0,1.0
728.56,0.38868672449763914,0.026490066225165563,26.502857142857145,1.0,4,151,371.04,1.0,0.0,1.0,0.0,0.0
26559.62,0.40219647344352066,0.03056392595781317,23.874102564102564,0.18309859154929578,71,2323,4655.45,1.0,0.0,0.0,0.0,1.0
1530.97,0.39507064148872933,0.03289473684210526,26.502857142857145,1.0,5,152,371.04,1.0,24.0,1.0,0.0,0.0
-27.75,0.3500000000000001,0.02857142857142857,28.49666666666667,3.0,1,35,85.49000000000001,1.0,24.0,0.0,1.0,0.0
25373.18,0.3960406697150298,0.02199964228223931,23.874102564102564,0.5365853658536586,123,5591,4655.45,1.0,24.0,0.0,0.0,1.0
122.83,0.4085948058291948,0.02112676056338028,26.502857142857145,2.3333333333333335,3,142,371.04,1.0,48.0,1.0,0.0,0.0
-227.44,0.4,0.02702702702702703,28.49666666666667,2.0,1,37,85.49000000000001,1.0,48.0,0.0,1.0,0.0
29414.43,0.4024076482189184,0.032904689863842665,23.874102564102564,0.3448275862068966,87,2644,4655.45,1.0,48.0,0.0,0.0,1.0
1118.96,0.40387824408379214,0.023026315789473683,26.502857142857145,1.1428571428571428,7,304,371.04,1.0,72.0,1.0,0.0,0.0
46646.57,0.3910857004062678,0.02044525215810995,23.874102564102564,0.22962962962962963,135,6603,4655.45,1.0,72.0,0.0,0.0,1.0
9075.0,0.39065650688705233,0.01752577319587629,26.502857142857145,0.0,17,970,371.04,1.0,96.0,1.0,0.0,0.0
415.7,0.40461871541977384,0.02857142857142857,28.49666666666667,0.0,1,35,85.49000000000001,1.0,96.0,0.0,1.0,0.0
7789.72,0.3990860133611992,0.016935150764147047,23.874102564102564,0.1951219512195122,41,2421,4655.45,1.0,96.0,0.0,0.0,1.0
808.97,0.40158596734118696,0.05,26.502857142857145,0.0,2,40,371.04,1.0,144.0,1.0,0.0,0.0
6518.82,0.4009848561549482,0.05504587155963303,23.874102564102564,0.2222222222222222,18,327,4655.45,1.0,144.0,0.0,0.0,1.0
1783.6699999999998,0.3972898013646021,0.024024024024024024,40.12875,4.5,8,333,321.03,1.0,0.0,1.0,0.0,0.0
15559.91,0.3976091699759189,0.029588336192109776,31.0028125,0.6956521739130435,69,2332,992.09,1.0,0.0,0.0,0.0,1.0
9958.13,0.3838865831235381,0.026200873362445413,40.12875,0.0,6,229,321.03,1.0,24.0,1.0,0.0,0.0
5630.08,0.3927239222178015,0.025108225108225107,31.0028125,0.6551724137931034,29,1155,992.09,1.0,24.0,0.0,0.0,1.0
666.12,0.4038578634480273,0.03076923076923077,40.12875,0.0,2,65,321.03,1.0,48.0,1.0,0.0,0.0
4110.0,0.3982515815085158,0.03346456692913386,31.0028125,0.29411764705882354,17,508,992.09,1.0,48.0,0.0,0.0,1.0
1498.45,0.4058715339183824,0.02040816326530612,40.12875,0.75,4,196,321.03,1.0,72.0,1.0,0.0,0.0
3756.12,0.394613084778974,0.029769959404600813,31.0028125,0.6363636363636364,22,739,992.09,1.0,72.0,0.0,0.0,1.0
347.56,0.3788617792611348,0.03225806451612903,32.437777777777775,0.0,1,31,291.94,1.0,24.0,1.0,0.0,0.0
10531.15,0.39577178180920414,0.028050490883590462,25.732682926829266,0.325,40,1426,2110.08,1.0,24.0,0.0,0.0,1.0
793.87,0.3876465920112865,0.021231422505307854,32.437777777777775,4.0,10,471,291.94,1.0,48.0,1.0,0.0,0.0
27211.58,0.3897264877673403,0.020202020202020204,25.732682926829266,0.5769230769230769,52,2574,2110.08,1.0,48.0,0.0,0.0,1.0
670.47,0.376418780855221,0.023529411764705882,32.437777777777775,1.0,4,170,291.94,1.0,72.0,1.0,0.0,0.0
7044.58,0.4077163436287187,0.03296703296703297,24.206666666666667,1.3333333333333333,3,91,72.62,1.0,72.0,0.0,1.0,0.0
25280.66,0.3882236579266522,0.024294670846394983,25.732682926829266,0.7741935483870968,62,2552,2110.08,1.0,72.0,0.0,0.0,1.0
5653.89,0.3892535227958096,0.02127659574468085,32.437777777777775,0.0,7,329,291.94,1.0,96.0,1.0,0.0,0.0
16014.45,0.38747011605144105,0.021919142717973697,25.732682926829266,0.6222222222222222,45,2053,2110.08,1.0,96.0,0.0,0.0,1.0
1332.16,0.38668005344703343,0.05555555555555555,32.437777777777775,0.0,4,72,291.94,1.0,144.0,1.0,0.0,0.0
14238.64,0.3954391430642252,0.04742684157416751,25.732682926829266,0.40425531914893614,47,991,2110.08,1.0,144.0,0.0,0.0,1.0
3416.34,0.39931227571026306,0.030120481927710843,25.471333333333334,0.2,5,166,382.07,1.0,0.0,1.0,0.0,0.0
81.6,0.4,0.030303030303030304,27.77,0.0,1,33,83.31,1.0,0.0,0.0,1.0,0.0
11281.76,0.396825326899349,0.028094820017559263,22.36905882352941,0.1875,32,1139,1901.37,1.0,0.0,0.0,0.0,1.0
5855.2,0.3988081705150977,0.025830258302583026,25.471333333333334,0.0,7,271,382.07,1.0,24.0,1.0,0.0,0.0
462.5,0.3747416216216216,0.023809523809523808,27.77,0.0,1,42,83.31,1.0,24.0,0.0,1.0,0.0
52749.86,0.39219955275710683,0.0311601150527325,22.36905882352941,0.7076923076923077,65,2086,1901.37,1.0,24.0,0.0,0.0,1.0
2577.74,0.3980292038762636,0.020100502512562814,25.471333333333334,0.25,8,398,382.07,1.0,48.0,1.0,0.0,0.0
13585.01,0.39038621245034055,0.02702702702702703,22.36905882352941,0.40425531914893614,47,1739,1901.37,1.0,48.0,0.0,0.0,1.0
2076.11,0.395741795954935,0.02127659574468085,25.471333333333334,0.0,2,94,382.07,1.0,72.0,1.0,0.0,0.0
12718.1,0.3892083251429066,0.033112582781456956,22.36905882352941,0.2222222222222222,45,1359,1901.37,1.0,72.0,0.0,0.0,1.0
29218.23,0.3894380802670114,0.02373887240356083,25.471333333333334,0.0,8,337,382.07,1.0,96.0,1.0,0.0,0.0
177.00000000000003,0.4,0.02127659574468085,27.77,0.0,1,47,83.31,1.0,96.0,0.0,1.0,0.0
9667.15,0.3936624444639837,0.030719482619240096,22.36905882352941,0.4473684210526316,38,1237,1901.37,1.0,96.0,0.0,0.0,1.0
7114.11,0.38548599895137975,0.04669887278582931,22.36905882352941,0.13793103448275862,29,621,1901.37,1.0,144.0,0.0,0.0,1.0
2428.26,0.38903000502417373,0.023255813953488372,38.30222222222223,0.0,4,172,344.72,1.0,0.0,1.0,0.0,0.0
431.3,0.39988986784140973,0.02702702702702703,38.13666666666666,0.0,1,37,114.41,1.0,0.0,0.0,1.0,0.0
13458.09,0.39122330880533573,0.019315188762071993,24.65394366197183,0.11363636363636363,44,2278,1750.4299999999998,1.0,0.0,0.0,0.0,1.0
3124.77,0.40061738943986275,0.034782608695652174,38.30222222222223,0.0,4,115,344.72,1.0,24.0,1.0,0.0,0.0
6754.390000000001,0.391898868735741,0.022207707380796866,24.65394366197183,0.2647058823529412,34,1531,1750.4299999999998,1.0,24.0,0.0,0.0,1.0
12052.09,0.380911717386777,0.03571428571428571,38.30222222222223,0.14285714285714285,7,196,344.72,1.0,48.0,1.0,0.0,0.0
238.5,0.35,0.029411764705882353,38.13666666666666,0.0,1,34,114.41,1.0,48.0,0.0,1.0,0.0
8811.630000000001,0.3960857412306237,0.02304147465437788,24.65394366197183,0.16666666666666666,30,1302,1750.4299999999998,1.0,48.0,0.0,0.0,1.0
4556.9,0.4005882068950382,0.024,38.30222222222223,0.3333333333333333,6,250,344.72,1.0,72.0,1.0,0.0,0.0
87.75,0.37639316239316234,0.02857142857142857,38.13666666666666,0.0,1,35,114.41,1.0,72.0,0.0,1.0,0.0
10086.8,0.39024101796407185,0.019682886823400764,24.65394366197183,0.4722222222222222,36,1829,1750.4299999999998,1.0,72.0,0.0,0.0,1.0
8859.18,0.38769312735490197,0.022321428571428572,38.30222222222223,1.8,5,224,344.72,1.0,96.0,1.0,0.0,0.0
14612.72,0.3957326904231382,0.017763845350052248,24.65394366197183,1.0,51,2871,1750.4299999999998,1.0,96.0,0.0,0.0,1.0
406.5,0.38952767527675275,0.05555555555555555,38.30222222222223,0.0,1,18,344.72,1.0,144.0,1.0,0.0,0.0
9771.45,0.39474341065041535,0.04746317512274959,24.65394366197183,0.6551724137931034,29,611,1750.4299999999998,1.0,144.0,0.0,0.0,1.0
5430.11,0.3984840822745764,0.027888446215139442,28.104545454545452,0.0,7,251,309.15,1.0,0.0,1.0,0.0,0.0
11783.09,0.3957190261637652,0.027925531914893616,19.75028846153846,0.2619047619047619,42,1504,2054.0299999999997,1.0,0.0,0.0,0.0,1.0
2694.47,0.3965008703010239,0.035398230088495575,28.104545454545452,0.75,8,226,309.15,1.0,24.0,1.0,0.0,0.0
2053.07,0.3979389402212297,0.02631578947368421,35.199999999999996,0.0,1,38,105.6,1.0,24.0,0.0,1.0,0.0
18033.81,0.3874096156053546,0.03264522323571772,19.75028846153846,0.7058823529411765,68,2083,2054.0299999999997,1.0,24.0,0.0,0.0,1.0
3322.49,0.4017770708113493,0.023529411764705882,28.104545454545452,0.0,6,255,309.15,1.0,48.0,1.0,0.0,0.0
13471.36,0.39272875938286855,0.03208556149732621,19.75028846153846,0.5166666666666667,60,1870,2054.0299999999997,1.0,48.0,0.0,0.0,1.0
3490.86,0.3950089662719216,0.02735562310030395,28.104545454545452,1.7777777777777777,9,329,309.15,1.0,72.0,1.0,0.0,0.0
1693.88,0.39014209979455455,0.0196078431372549,35.199999999999996,0.0,1,51,105.6,1.0,72.0,0.0,1.0,0.0
15965.19,0.396018631785779,0.031496062992125984,19.75028846153846,0.8035714285714286,56,1778,2054.0299999999997,1.0,72.0,0.0,0.0,1.0
4359.4800000000005,0.40122117775514515,0.022222222222222223,28.104545454545452,1.8333333333333333,6,270,309.15,1.0,96.0,1.0,0.0,0.0
384.68,0.39325569304356867,0.02631578947368421,35.199999999999996,0.0,1,38,105.6,1.0,96.0,0.0,1.0,0.0
10816.45,0.3900123608022965,0.028189910979228485,19.75028846153846,1.263157894736842,38,1348,2054.0299999999997,1.0,96.0,0.0,0.0,1.0
6456.4400000000005,0.3947240274826376,0.05154639175257732,19.75028846153846,0.32,25,485,2054.0299999999997,1.0,144.0,0.0,0.0,1.0
5598.41,0.3958825094982325,0.0196078431372549,39.266666666666666,0.3333333333333333,9,459,353.4,1.0,0.0,1.0,0.0,0.0
11566.01,0.3914914391393402,0.027821316614420062,25.5492,0.4647887323943662,71,2552,2554.92,1.0,0.0,0.0,0.0,1.0
2722.8,0.3875433377405612,0.021176470588235293,39.266666666666666,0.4444444444444444,9,425,353.4,1.0,24.0,1.0,0.0,0.0
22833.88,0.389844297158433,0.020783645655877342,25.5492,0.5245901639344263,61,2935,2554.92,1.0,24.0,0.0,0.0,1.0
1045.65,0.389060966862717,0.027777777777777776,39.266666666666666,0.16666666666666666,6,216,353.4,1.0,48.0,1.0,0.0,0.0
15782.83,0.388873731770538,0.030634573304157548,25.5492,0.16071428571428573,56,1828,2554.92,1.0,48.0,0.0,0.0,1.0
2889.95,0.3964956487136455,0.03007518796992481,39.266666666666666,0.625,8,266,353.4,1.0,72.0,1.0,0.0,0.0
18806.8,0.3924099793691643,0.023137697516930022,25.5492,0.07317073170731707,41,1772,2554.92,1.0,72.0,0.0,0.0,1.0
2174.96,0.3985650310810314,0.025,39.266666666666666,0.5,6,240,353.4,1.0,96.0,1.0,0.0,0.0
45.57,0.39735352205398283,0.02631578947368421,26.486666666666668,0.0,1,38,79.46000000000001,1.0,96.0,0.0,1.0,0.0
15521.960000000001,0.3932303587948945,0.018867924528301886,25.5492,0.16279069767441862,43,2279,2554.92,1.0,96.0,0.0,0.0,1.0
3457.11,0.3868892514267698,0.041044776119402986,25.5492,0.0,11,268,2554.92,1.0,144.0,0.0,0.0,1.0
1899.03,0.3982008709709693,0.031914893617021274,49.65,5.0,3,94,248.25,1.0,0.0,1.0,0.0,0.0
192.0,0.3848749999999999,0.03007518796992481,20.116666666666667,0.5,4,133,60.35,1.0,0.0,0.0,1.0,0.0
20902.91,0.4372774412749229,0.029017857142857144,28.62661290322581,0.3076923076923077,39,1344,1774.8500000000001,1.0,0.0,0.0,0.0,1.0
1437.26,0.39110383646661007,0.028688524590163935,49.65,2.4285714285714284,7,244,248.25,1.0,24.0,1.0,0.0,0.0
12367.99,0.38811187589899404,0.022437841115827774,28.62661290322581,0.16216216216216217,37,1649,1774.8500000000001,1.0,24.0,0.0,0.0,1.0
1215.33,0.39580286835674255,0.025477707006369428,49.65,0.0,4,157,248.25,1.0,48.0,1.0,0.0,0.0
5735.24,0.3847269861418179,0.03125,20.116666666666667,0.0,1,32,60.35,1.0,48.0,0.0,1.0,0.0
4707.46,0.3984643948116394,0.032667876588021776,28.62661290322581,0.0,18,551,1774.8500000000001,1.0,48.0,0.0,0.0,1.0
619.51,0.40078013268550955,0.03260869565217391,49.65,0.0,3,92,248.25,1.0,72.0,1.0,0.0,0.0
12138.08,0.3933387899898501,0.018477920450986535,28.62661290322581,1.0338983050847457,59,3193,1774.8500000000001,1.0,72.0,0.0,0.0,1.0
2435.41,0.4023223194451858,0.02197802197802198,49.65,2.0,4,182,248.25,1.0,96.0,1.0,0.0,0.0
14786.470000000001,0.38618953002305495,0.028941355674028942,28.62661290322581,0.9473684210526315,76,2626,1774.8500000000001,1.0,96.0,0.0,0.0,1.0
5535.4,0.39550419120569424,0.041237113402061855,28.62661290322581,0.625,24,582,1774.8500000000001,1.0,144.0,0.0,0.0,1.0
3078.17,0.4024247198822677,0.030456852791878174,29.29888888888889,0.6666666666666666,6,197,263.69,1.0,0.0,1.0,0.0,0.0
889.24,0.3861693131213171,0.02040816326530612,32.85,0.0,1,49,98.55000000000001,1.0,0.0,0.0,1.0,0.0
18629.920000000002,0.38715128674733984,0.030373831775700934,25.383783783783784,0.3333333333333333,39,1284,1878.4,1.0,0.0,0.0,0.0,1.0
6366.81,0.38625212626103184,0.029850746268656716,29.29888888888889,0.0,4,134,263.69,1.0,24.0,1.0,0.0,0.0
14022.92,0.38349182623875766,0.02857142857142857,32.85,0.0,1,35,98.55000000000001,1.0,24.0,0.0,1.0,0.0
17210.88,0.3947806271381824,0.02206194314806958,25.383783783783784,0.25,52,2357,1878.4,1.0,24.0,0.0,0.0,1.0
3173.28,0.3896910452276509,0.032520325203252036,29.29888888888889,0.0,4,123,263.69,1.0,48.0,1.0,0.0,0.0
779.1,0.38462071621101274,0.030303030303030304,32.85,0.0,1,33,98.55000000000001,1.0,48.0,0.0,1.0,0.0
19220.55,0.39284516832244654,0.025930572982015895,25.383783783783784,0.0967741935483871,62,2391,1878.4,1.0,48.0,0.0,0.0,1.0
1998.9,0.4122312271749462,0.0297029702970297,29.29888888888889,0.0,6,202,263.69,1.0,72.0,1.0,0.0,0.0
15458.09,0.39856229974078294,0.030197444831591175,25.383783783783784,0.07692307692307693,52,1722,1878.4,1.0,72.0,0.0,0.0,1.0
1381.85,0.3910043058219054,0.024096385542168676,29.29888888888889,0.75,8,332,263.69,1.0,96.0,1.0,0.0,0.0
12750.36,0.39288302447930884,0.0273972602739726,25.383783783783784,0.45454545454545453,44,1606,1878.4,1.0,96.0,0.0,0.0,1.0
9575.49,0.3960291431561205,0.04948805460750853,25.383783783783784,0.1724137931034483,29,586,1878.4,1.0,144.0,0.0,0.0,1.0
21533.24,0.39450875948069125,0.030864197530864196,60.076,0.1,10,324,300.38,1.0,0.0,1.0,0.0,0.0
10330.9,0.39563278126784696,0.024297646165527716,31.276105263157895,0.40625,32,1317,2971.23,1.0,0.0,0.0,0.0,1.0
3187.15,0.38777381045761894,0.030303030303030304,60.076,1.0,3,99,300.38,1.0,24.0,1.0,0.0,0.0
25779.0,0.3935339656309399,0.026874115983026876,31.276105263157895,0.3508771929824561,57,2121,2971.23,1.0,24.0,0.0,0.0,1.0
2218.26,0.3861412999377891,0.024096385542168676,60.076,0.0,4,166,300.38,1.0,48.0,1.0,0.0,0.0
16941.16,0.3971510156329318,0.02145214521452145,31.276105263157895,0.09615384615384616,52,2424,2971.23,1.0,48.0,0.0,0.0,1.0
1500.58,0.39710718522171423,0.03125,60.076,0.6666666666666666,3,96,300.38,1.0,72.0,1.0,0.0,0.0
145.92,0.38453947368421043,0.020833333333333332,26.8,0.0,1,48,80.4,1.0,72.0,0.0,1.0,0.0
19632.38,0.39543484284635894,0.030933333333333334,31.276105263157895,0.3448275862068966,58,1875,2971.23,1.0,72.0,0.0,0.0,1.0
-1078.1499999999999,0.3387220702128646,0.026737967914438502,60.076,1.2,5,187,300.38,1.0,96.0,1.0,0.0,0.0
16690.94,0.3927351065907611,0.018010291595197257,31.276105263157895,0.047619047619047616,42,2332,2971.23,1.0,96.0,0.0,0.0,1.0
92.6,0.39136069114470834,0.047619047619047616,60.076,0.0,1,21,300.38,1.0,144.0,1.0,0.0,0.0
412.55,0.3824203126893711,0.05,26.8,0.0,1,20,80.4,1.0,144.0,0.0,1.0,0.0
8967.9,0.3963353627939651,0.047075606276747506,31.276105263157895,0.06060606060606061,33,701,2971.23,1.0,144.0,0.0,0.0,1.0
2532.89,0.3872675481367134,0.02973977695167286,29.933333333333334,0.0,8,269,359.2,1.0,0.0,1.0,0.0,0.0
12268.78,0.39199887030332276,0.025243832472748137,21.815106382978723,0.022727272727272728,44,1743,2050.62,1.0,0.0,0.0,0.0,1.0
9363.4,0.399330392806032,0.01951219512195122,29.933333333333334,0.0,8,410,359.2,1.0,24.0,1.0,0.0,0.0
12626.02,0.3965072762438203,0.031914893617021274,21.815106382978723,0.0625,48,1504,2050.62,1.0,24.0,0.0,0.0,1.0
828.84,0.395742000868684,0.02702702702702703,29.933333333333334,0.0,1,37,359.2,1.0,48.0,1.0,0.0,0.0
-28.09,0.5590281238875044,0.022988505747126436,21.590000000000003,2.5,2,87,64.77000000000001,1.0,48.0,0.0,1.0,0.0
17491.9,0.4003734128367988,0.027651858567543066,21.815106382978723,0.6065573770491803,61,2206,2050.62,1.0,48.0,0.0,0.0,1.0
1663.48,0.40952413013682165,0.02912621359223301,29.933333333333334,0.0,6,206,359.2,1.0,72.0,1.0,0.0,0.0
16543.39,0.3793615818765077,0.03225806451612903,21.590000000000003,1.0,3,93,64.77000000000001,1.0,72.0,0.0,1.0,0.0
13886.0,0.39234869652887805,0.02667290594291062,21.815106382978723,0.5614035087719298,57,2137,2050.62,1.0,72.0,0.0,0.0,1.0
2649.48,0.3977806588462642,0.02348993288590604,29.933333333333334,0.0,7,298,359.2,1.0,96.0,1.0,0.0,0.0
17.549999999999997,0.37165242165242157,0.021739130434782608,21.590000000000003,0.0,1,46,64.77000000000001,1.0,96.0,0.0,1.0,0.0
14446.66,0.3931770388449648,0.01828410689170183,21.815106382978723,0.07692307692307693,39,2133,2050.62,1.0,96.0,0.0,0.0,1.0
9622.33,0.3917339147586915,0.036170212765957444,21.815106382978723,0.5882352941176471,34,940,2050.62,1.0,144.0,0.0,0.0,1.0
724.66,0.3927317638616731,0.029411764705882353,49.324,0.8,5,170,246.62,1.0,0.0,1.0,0.0,0.0
16.05,0.38146417445482866,0.02631578947368421,20.57,0.0,1,38,61.71,1.0,0.0,0.0,1.0,0.0
18805.420000000002,0.39455427743703675,0.024953789279112754,26.097471264367815,0.6296296296296297,81,3246,2270.48,1.0,0.0,0.0,0.0,1.0
2327.57,0.3975473562556658,0.0228310502283105,49.324,0.6,5,219,246.62,1.0,24.0,1.0,0.0,0.0
19736.29,0.39520379463414856,0.025688073394495414,26.097471264367815,0.09523809523809523,42,1635,2270.48,1.0,24.0,0.0,0.0,1.0
2350.44,0.39356801279760384,0.03125,49.324,0.0,3,96,246.62,1.0,48.0,1.0,0.0,0.0
210.9,0.4026315789473684,0.02564102564102564,20.57,0.0,1,39,61.71,1.0,48.0,0.0,1.0,0.0
17522.86,0.3912082959060336,0.026606425702811246,26.097471264367815,0.2830188679245283,53,1992,2270.48,1.0,48.0,0.0,0.0,1.0
8128.54,0.38917557150484594,0.029508196721311476,49.324,0.3333333333333333,9,305,246.62,1.0,72.0,1.0,0.0,0.0
15789.91,0.3961109024687285,0.019776440240756664,26.097471264367815,0.5652173913043478,69,3489,2270.48,1.0,72.0,0.0,0.0,1.0
1560.02,0.3911196651324983,0.01764705882352941,49.324,0.6666666666666666,3,170,246.62,1.0,96.0,1.0,0.0,0.0
15727.14,0.3935908499574621,0.029447852760736196,26.097471264367815,0.14583333333333334,48,1630,2270.48,1.0,96.0,0.0,0.0,1.0
307.29,0.40455921116860305,0.043478260869565216,49.324,0.0,1,23,246.62,1.0,144.0,1.0,0.0,0.0
3782.25,0.401369713794699,0.0446927374301676,26.097471264367815,0.1875,16,358,2270.48,1.0,144.0,0.0,0.0,1.0
6984.18,0.4017079743076496,0.03146853146853147,67.24333333333333,0.4444444444444444,9,286,201.73,1.0,0.0,1.0,0.0,0.0
140.54,0.41405720791233813,0.030303030303030304,27.923333333333332,0.0,1,33,83.77,1.0,0.0,0.0,1.0,0.0
18587.72,0.3908447781653694,0.021798365122615803,17.8757,0.3125,48,2202,1787.57,1.0,0.0,0.0,0.0,1.0
4203.92,0.3942138052103751,0.022641509433962263,67.24333333333333,0.16666666666666666,6,265,201.73,1.0,24.0,1.0,0.0,0.0
10428.81,0.40344913753342904,0.021037181996086105,17.8757,0.20930232558139536,43,2044,1787.57,1.0,24.0,0.0,0.0,1.0
1504.45,0.3961490245604706,0.02145922746781116,67.24333333333333,0.0,5,233,201.73,1.0,48.0,1.0,0.0,0.0
19256.95,0.39993044589096405,0.03431708991077557,17.8757,0.18,50,1457,1787.57,1.0,48.0,0.0,0.0,1.0
6643.28,0.3923569230861863,0.03137254901960784,67.24333333333333,0.5,8,255,201.73,1.0,72.0,1.0,0.0,0.0
24804.58,0.37765248998370465,0.020335985853227233,17.8757,0.6956521739130435,69,3393,1787.57,1.0,72.0,0.0,0.0,1.0
2846.64,0.39807899839811145,0.024691358024691357,67.24333333333333,0.0,6,243,201.73,1.0,96.0,1.0,0.0,0.0
19972.920000000002,0.39256946405432963,0.02619647355163728,17.8757,0.6346153846153846,52,1985,1787.57,1.0,96.0,0.0,0.0,1.0
1306.25,0.40218457416267944,0.04195804195804196,67.24333333333333,0.0,6,143,201.73,1.0,144.0,1.0,0.0,0.0
18459.0,0.39377028549758925,0.05056179775280899,17.8757,0.09259259259259259,54,1068,1787.57,1.0,144.0,0.0,0.0,1.0
496.63,0.38713811086724514,0.03205128205128205,44.519999999999996,1.0,5,156,222.6,1.0,0.0,1.0,0.0,0.0
15179.17,0.39399519868345895,0.02263137706175681,27.744,0.3898305084745763,59,2607,2219.52,1.0,0.0,0.0,0.0,1.0
2916.66,0.3943676671260962,0.02413793103448276,44.519999999999996,1.0,7,290,222.6,1.0,24.0,1.0,0.0,0.0
15655.4,0.39676927449953364,0.03312990409764603,27.744,0.13157894736842105,38,1147,2219.52,1.0,24.0,0.0,0.0,1.0
3658.51,0.38342420821591305,0.030534351145038167,44.519999999999996,0.0,8,262,222.6,1.0,48.0,1.0,0.0,0.0
17220.69,0.38695817066563526,0.020717721050684423,27.744,0.19642857142857142,56,2703,2219.52,1.0,48.0,0.0,0.0,1.0
2207.55,0.3905170890806551,0.025477707006369428,44.519999999999996,0.875,8,314,222.6,1.0,72.0,1.0,0.0,0.0
286.25,0.3933973799126638,0.022727272727272728,18.406666666666666,0.0,1,44,55.22,1.0,72.0,0.0,1.0,0.0
33702.3,0.39174258730116346,0.025878717651602934,27.744,0.11940298507462686,67,2589,2219.52,1.0,72.0,0.0,0.0,1.0
5711.86,0.3963729853322735,0.03048780487804878,44.519999999999996,0.2,10,328,222.6,1.0,96.0,1.0,0.0,0.0
20700.71,0.3998239577289861,0.020635575732562937,27.744,0.3,50,2423,2219.52,1.0,96.0,0.0,0.0,1.0
99.51,0.4261611898301679,0.057692307692307696,44.519999999999996,1.3333333333333333,3,52,222.6,1.0,144.0,1.0,0.0,0.0
8812.57,0.3959067559179672,0.04941176470588235,27.744,0.42857142857142855,42,850,2219.52,1.0,144.0,0.0,0.0,1.0
4006.31,0.390100142025954,0.022613065326633167,46.0075,0.2222222222222222,9,398,184.03,1.0,0.0,1.0,0.0,0.0
15011.630000000001,0.3897748412397588,0.02668034889687019,26.77558441558442,0.23076923076923078,52,1949,2061.7200000000003,1.0,0.0,0.0,0.0,1.0
18247.5,0.38036541992053713,0.03125,46.0075,0.0,2,64,184.03,1.0,24.0,1.0,0.0,0.0
18762.57,0.39138985757281647,0.021382206949217258,26.77558441558442,0.30357142857142855,56,2619,2061.7200000000003,1.0,24.0,0.0,0.0,1.0
3073.66,0.3871358901114632,0.020833333333333332,46.0075,1.4,5,240,184.03,1.0,48.0,1.0,0.0,0.0
25522.78,0.38848724551165664,0.025632377740303542,26.77558441558442,0.2894736842105263,76,2965,2061.7200000000003,1.0,48.0,0.0,0.0,1.0
6420.49,0.39048013469376947,0.025089605734767026,46.0075,0.0,7,279,184.03,1.0,72.0,1.0,0.0,0.0
16069.95,0.396073410309304,0.020555877243775333,26.77558441558442,1.2253521126760563,71,3454,2061.7200000000003,1.0,72.0,0.0,0.0,1.0
1955.16,0.4106293602569612,0.02654867256637168,46.0075,0.5,6,226,184.03,1.0,96.0,1.0,0.0,0.0
20845.28,0.3957526260141384,0.01812688821752266,26.77558441558442,0.20833333333333334,72,3972,2061.7200000000003,1.0,96.0,0.0,0.0,1.0
6853.45,0.3983791083322997,0.03409090909090909,26.77558441558442,0.2857142857142857,21,616,2061.7200000000003,1.0,144.0,0.0,0.0,1.0
3581.96,0.3890424516186669,0.029069767441860465,75.31,0.0,5,172,225.93,1.0,0.0,1.0,0.0,0.0
-1604.3999999999999,0.350411368735976,0.018518518518518517,20.61,1.0,2,108,61.83,1.0,0.0,0.0,1.0,0.0
18596.99,0.38576617506381417,0.023596419853539462,27.879655172413795,0.603448275862069,58,2458,2425.53,1.0,0.0,0.0,0.0,1.0
3260.69,0.3766069144874245,0.030927835051546393,75.31,1.1666666666666667,6,194,225.93,1.0,24.0,1.0,0.0,0.0
5718.12,0.3791376186578806,0.034482758620689655,20.61,0.0,2,58,61.83,1.0,24.0,0.0,1.0,0.0
17949.62,0.39482706597688416,0.02676659528907923,27.879655172413795,0.84,50,1868,2425.53,1.0,24.0,0.0,0.0,1.0
950.53,0.40910997022713647,0.031746031746031744,75.31,0.5,2,63,225.93,1.0,48.0,1.0,0.0,0.0
11688.78,0.39545974857940697,0.02533992583436341,27.879655172413795,0.17073170731707318,41,1618,2425.53,1.0,48.0,0.0,0.0,1.0
2583.12,0.4020702870946762,0.020689655172413793,75.31,0.7777777777777778,9,435,225.93,1.0,72.0,1.0,0.0,0.0
13879.06,0.3911624058113445,0.019272614236866645,27.879655172413795,0.1935483870967742,62,3217,2425.53,1.0,72.0,0.0,0.0,1.0
2570.95,0.3971496528520585,0.018867924528301886,75.31,0.5,6,318,225.93,1.0,96.0,1.0,0.0,0.0
421.6,0.3751304554079697,0.018867924528301886,20.61,0.0,1,53,61.83,1.0,96.0,0.0,1.0,0.0
15698.86,0.3958200404360571,0.026905829596412557,27.879655172413795,0.21212121212121213,66,2453,2425.53,1.0,96.0,0.0,0.0,1.0
431.49,0.37817747804120605,0.058823529411764705,75.31,0.0,1,17,225.93,1.0,144.0,1.0,0.0,0.0
8887.39,0.3965547140386547,0.039045553145336226,27.879655172413795,0.19444444444444445,36,922,2425.53,1.0,144.0,0.0,0.0,1.0
1992.42,0.3909988355868743,0.02030456852791878,46.72428571428571,0.25,8,394,327.07,1.0,0.0,1.0,0.0,0.0
299.1,0.39197592778335005,0.017543859649122806,28.983333333333334,0.0,1,57,86.95,1.0,0.0,0.0,1.0,0.0
17416.21,0.395253025773116,0.01806853582554517,24.557380952380953,0.5689655172413793,58,3210,2062.82,1.0,0.0,0.0,0.0,1.0
314.57,0.38439488826016466,0.02702702702702703,46.72428571428571,0.0,1,37,327.07,1.0,24.0,1.0,0.0,0.0
22924.52,0.3933221938779961,0.02099511072763877,24.557380952380953,0.5068493150684932,73,3477,2062.82,1.0,24.0,0.0,0.0,1.0
1463.49,0.3991239434502456,0.034482758620689655,46.72428571428571,0.6666666666666666,3,87,327.07,1.0,48.0,1.0,0.0,0.0
22548.170000000002,0.3935841711322915,0.028877887788778877,24.557380952380953,0.3142857142857143,70,2424,2062.82,1.0,48.0,0.0,0.0,1.0
4405.51,0.3973539045422664,0.025280898876404494,46.72428571428571,0.1111111111111111,9,356,327.07,1.0,72.0,1.0,0.0,0.0
30228.3,0.3892203762699192,0.026338391067849985,24.557380952380953,0.5978260869565217,92,3493,2062.82,1.0,72.0,0.0,0.0,1.0
858.46,0.3876061785056963,0.018433179723502304,46.72428571428571,0.0,4,217,327.07,1.0,96.0,1.0,0.0,0.0
1143.6,0.38953725078698836,0.029411764705882353,28.983333333333334,0.0,1,34,86.95,1.0,96.0,0.0,1.0,0.0
15717.431,0.4030428191477348,0.023067331670822942,24.557380952380953,0.08108108108108109,37,1604,2062.82,1.0,96.0,0.0,0.0,1.0
1040.96,0.39069138103289275,0.041666666666666664,46.72428571428571,0.0,3,72,327.07,1.0,144.0,1.0,0.0,0.0
11627.34,0.3963605175388352,0.04560622914349277,24.557380952380953,0.04878048780487805,41,899,2062.82,1.0,144.0,0.0,0.0,1.0
164.66,0.38115814405441517,0.0273972602739726,51.7475,0.5,2,73,206.99,1.0,0.0,1.0,0.0,0.0
2949.12,0.423251953125,0.030303030303030304,26.866666666666664,0.0,1,33,80.6,1.0,0.0,0.0,1.0,0.0
16727.14,0.3987127745687547,0.027607361963190184,24.42076923076923,0.8765432098765432,81,2934,1269.88,1.0,0.0,0.0,0.0,1.0
2871.56,0.3848859156695315,0.02390438247011952,51.7475,0.16666666666666666,6,251,206.99,1.0,24.0,1.0,0.0,0.0
383.95,0.3893436645396536,0.03225806451612903,26.866666666666664,0.0,1,31,80.6,1.0,24.0,0.0,1.0,0.0
14913.51,0.39462266763491627,0.032620320855614976,24.42076923076923,0.39344262295081966,61,1870,1269.88,1.0,24.0,0.0,0.0,1.0
804.9000000000001,0.36849795005590763,0.03355704697986577,51.7475,0.4,5,149,206.99,1.0,48.0,1.0,0.0,0.0
24400.71,0.39380152462776696,0.029447852760736196,24.42076923076923,0.2916666666666667,72,2445,1269.88,1.0,48.0,0.0,0.0,1.0
3530.2400000000002,0.39322258543328503,0.03125,51.7475,0.0,7,224,206.99,1.0,72.0,1.0,0.0,0.0
23913.94,0.39121876612553175,0.02067336089781453,24.42076923076923,0.1,70,3386,1269.88,1.0,72.0,0.0,0.0,1.0
708.07,0.3925243266908639,0.025,47.35,2.25,4,160,142.05,1.0,24.0,1.0,0.0,0.0
69.93,0.38275275275275267,0.03636363636363636,28.143333333333334,4.0,2,55,84.43,1.0,24.0,0.0,1.0,0.0
20212.82,0.391316456585474,0.029261495587552252,34.2103125,0.25396825396825395,63,2153,1094.73,1.0,24.0,0.0,0.0,1.0
1699.8,0.38104600541240147,0.03361344537815126,47.35,0.25,4,119,142.05,1.0,48.0,1.0,0.0,0.0
21344.6,0.3911471894530701,0.03268593083846518,34.2103125,0.3333333333333333,69,2111,1094.73,1.0,48.0,0.0,0.0,1.0
1864.88,0.3794544957316289,0.02564102564102564,47.35,0.0,5,195,142.05,1.0,72.0,1.0,0.0,0.0
-425.0,0.38,0.019230769230769232,28.143333333333334,1.0,1,52,84.43,1.0,72.0,0.0,1.0,0.0
17969.77,0.39647349966081924,0.029211295034079845,34.2103125,0.5,60,2054,1094.73,1.0,72.0,0.0,0.0,1.0
950.3299999999999,0.37003304115412533,0.058823529411764705,47.35,0.0,1,17,142.05,1.0,144.0,1.0,0.0,0.0
5872.28,0.3915650139298535,0.050397877984084884,34.2103125,0.15789473684210525,19,377,1094.73,1.0,144.0,0.0,0.0,1.0
2773.15,0.3864255449578998,0.03367003367003367,56.28,0.6,10,297,168.84,1.0,24.0,1.0,0.0,0.0
17280.05,0.38623586737306886,0.027790030877812087,22.79820895522388,0.4603174603174603,63,2267,1527.48,1.0,24.0,0.0,0.0,1.0
1862.35,0.3815910006174994,0.03409090909090909,56.28,0.16666666666666666,6,176,168.84,1.0,48.0,1.0,0.0,0.0
534.24,0.41999999999999993,0.023255813953488372,25.55,0.0,1,43,76.65,1.0,48.0,0.0,1.0,0.0
24721.56,0.3886949124569809,0.029698375870069606,22.79820895522388,0.21875,64,2155,1527.48,1.0,48.0,0.0,0.0,1.0
3585.37,0.3883422910327246,0.020356234096692113,56.28,0.125,8,393,168.84,1.0,72.0,1.0,0.0,0.0
21061.36,0.39086701428587706,0.025779036827195467,22.79820895522388,0.3956043956043956,91,3530,1527.48,1.0,72.0,0.0,0.0,1.0
4997.69,0.38062578911457084,0.0234375,56.28,0.16666666666666666,6,256,168.84,1.0,96.0,1.0,0.0,0.0
25384.68,0.3912451565274804,0.024442407577146347,22.79820895522388,0.2,80,3273,1527.48,1.0,96.0,0.0,0.0,1.0
1846.96,0.39403327630268115,0.05714285714285714,56.28,0.0,2,35,168.84,1.0,144.0,1.0,0.0,0.0
16888.96,0.39014379807874494,0.03850782190132371,22.79820895522388,0.078125,64,1662,1527.48,1.0,144.0,0.0,0.0,1.0
1369.68,0.3879008235500263,0.028169014084507043,61.55,0.8333333333333334,6,213,307.75,1.0,0.0,1.0,0.0,0.0
459.4,0.39830213321723984,0.029411764705882353,34.98333333333333,0.0,1,34,104.94999999999999,1.0,0.0,0.0,1.0,0.0
19599.01,0.38702180365232725,0.021066938498131158,21.84031746031746,0.06451612903225806,62,2943,1375.94,1.0,0.0,0.0,0.0,1.0
1629.05,0.3845707621006108,0.025157232704402517,61.55,0.0,4,159,307.75,1.0,24.0,1.0,0.0,0.0
852.68,0.3921121640005629,0.02631578947368421,34.98333333333333,0.0,1,38,104.94999999999999,1.0,24.0,0.0,1.0,0.0
24995.11,0.38775192427638844,0.03408146300914381,21.84031746031746,0.6341463414634146,82,2406,1375.94,1.0,24.0,0.0,0.0,1.0
4556.38,0.3860852255518636,0.02702702702702703,61.55,0.125,8,296,307.75,1.0,48.0,1.0,0.0,0.0
26712.68,0.38921269224952343,0.02564102564102564,21.84031746031746,0.41333333333333333,75,2925,1375.94,1.0,48.0,0.0,0.0,1.0
31420.77,0.38629489029072167,0.03007518796992481,61.55,0.0,12,399,307.75,1.0,72.0,1.0,0.0,0.0
475.16,0.3935238656452564,0.02040816326530612,34.98333333333333,0.0,1,49,104.94999999999999,1.0,72.0,0.0,1.0,0.0
26296.56,0.38855937810877167,0.026729559748427674,21.84031746031746,0.3764705882352941,85,3180,1375.94,1.0,72.0,0.0,0.0,1.0
1755.71,0.3909105148344545,0.022321428571428572,61.55,0.0,5,224,307.75,1.0,96.0,1.0,0.0,0.0
1351.45,0.3651836915905139,0.024390243902439025,34.98333333333333,0.0,1,41,104.94999999999999,1.0,96.0,0.0,1.0,0.0
22646.79,0.3895384423134581,0.026338147833474938,21.84031746031746,0.06451612903225806,62,2354,1375.94,1.0,96.0,0.0,0.0,1.0
737.1800000000001,0.3881743943134649,0.037037037037037035,61.55,0.0,2,54,307.75,1.0,144.0,1.0,0.0,0.0
8921.57,0.3915323760279861,0.037889039242219216,21.84031746031746,0.0,28,739,1375.94,1.0,144.0,0.0,0.0,1.0
5287.98,0.3969981164830426,0.019801980198019802,72.14333333333333,0.0,6,303,216.43,1.0,0.0,1.0,0.0,0.0
30295.04,0.3899580261323306,0.02098635886673662,34.28046153846154,0.06666666666666667,60,2859,2228.23,1.0,0.0,0.0,0.0,1.0
1637.92,0.39280795154830517,0.03355704697986577,72.14333333333333,0.8,5,149,216.43,1.0,24.0,1.0,0.0,0.0
11924.800000000001,0.3916541493358379,0.03125,27.173333333333332,0.0,1,32,81.52,1.0,24.0,0.0,1.0,0.0
31764.89,0.39535772987093615,0.02398761929326799,34.28046153846154,0.3978494623655914,93,3877,2228.23,1.0,24.0,0.0,0.0,1.0
2905.89,0.381673256730296,0.023076923076923078,72.14333333333333,0.0,6,260,216.43,1.0,48.0,1.0,0.0,0.0
29608.54,0.3935955606051497,0.023627287853577372,34.28046153846154,0.18309859154929578,71,3005,2228.23,1.0,48.0,0.0,0.0,1.0
4857.77,0.39138818840743805,0.020869565217391306,72.14333333333333,0.08333333333333333,12,575,216.43,1.0,72.0,1.0,0.0,0.0
89.0,0.4039775280898876,0.022727272727272728,27.173333333333332,0.0,1,44,81.52,1.0,72.0,0.0,1.0,0.0
25155.32,0.3895245379506203,0.02575107296137339,34.28046153846154,0.5208333333333334,96,3728,2228.23,1.0,72.0,0.0,0.0,1.0
1553.69,0.37620040033726165,0.017421602787456445,72.14333333333333,0.8,5,287,216.43,1.0,96.0,1.0,0.0,0.0
766.3599999999999,0.38790907667414787,0.02702702702702703,27.173333333333332,0.0,1,37,81.52,1.0,96.0,0.0,1.0,0.0
22597.46,0.3889093597244999,0.027632561613144136,34.28046153846154,0.16216216216216217,74,2678,2228.23,1.0,96.0,0.0,0.0,1.0
2344.52,0.39556049852421815,0.03571428571428571,72.14333333333333,0.0,4,112,216.43,1.0,144.0,1.0,0.0,0.0
21591.7,0.3889596187423871,0.052205220522052204,34.28046153846154,0.1724137931034483,58,1111,2228.23,1.0,144.0,0.0,0.0,1.0
3649.99,0.39023841161208656,0.021352313167259787,52.581999999999994,0.75,12,562,262.90999999999997,1.0,0.0,1.0,0.0,0.0
472.09,0.3977635620326632,0.023809523809523808,19.97,0.0,1,42,59.91,1.0,0.0,0.0,1.0,0.0
23370.36,0.38618532192058663,0.02696871628910464,24.95047619047619,0.6133333333333333,75,2781,1047.92,1.0,0.0,0.0,0.0,1.0
588.89,0.3881288525870706,0.02631578947368421,52.581999999999994,1.0,4,152,262.90999999999997,1.0,24.0,1.0,0.0,0.0
31230.46,0.40004531793639925,0.021073758153537382,24.95047619047619,0.4880952380952381,84,3986,1047.92,1.0,24.0,0.0,0.0,1.0
3765.94,0.39699989909557776,0.029535864978902954,52.581999999999994,0.2857142857142857,7,237,262.90999999999997,1.0,48.0,1.0,0.0,0.0
17701.79,0.3877332405366915,0.02759526938239159,24.95047619047619,0.20634920634920634,63,2283,1047.92,1.0,48.0,0.0,0.0,1.0
11003.55,0.38095359224977393,0.020700636942675158,52.581999999999994,0.07692307692307693,13,628,262.90999999999997,1.0,72.0,1.0,0.0,0.0
21303.69,0.38990396968788027,0.027364378300528083,24.95047619047619,0.3157894736842105,57,2083,1047.92,1.0,72.0,0.0,0.0,1.0
1660.25,0.3871510917030568,0.02127659574468085,52.581999999999994,0.0,3,141,262.90999999999997,1.0,96.0,1.0,0.0,0.0
19102.63,0.38193546124277133,0.017973430580880436,24.95047619047619,0.4782608695652174,69,3839,1047.92,1.0,96.0,0.0,0.0,1.0
510.73,0.39052415170442306,0.04,52.581999999999994,0.0,1,25,262.90999999999997,1.0,144.0,1.0,0.0,0.0
6625.57,0.3858671631270969,0.03498542274052478,24.95047619047619,0.08333333333333333,24,686,1047.92,1.0,144.0,0.0,0.0,1.0
3337.71,0.38568979929352765,0.028481012658227847,60.9875,0.2222222222222222,9,316,243.95,1.0,24.0,1.0,0.0,0.0
-9.899999999999999,0.3499999999999999,0.03225806451612903,19.12333333333333,1.0,1,31,57.37,1.0,24.0,0.0,1.0,0.0
13662.44,0.3889026777061784,0.02123050259965338,31.64918918918919,0.22448979591836735,49,2308,1171.02,1.0,24.0,0.0,0.0,1.0
6009.099999999999,0.3725947479655855,0.028225806451612902,60.9875,1.1428571428571428,7,248,243.95,1.0,48.0,1.0,0.0,0.0
8922.35,0.3941353006775121,0.027513227513227514,31.64918918918919,0.5576923076923077,52,1890,1171.02,1.0,48.0,0.0,0.0,1.0
2052.43,0.39216942843361274,0.023474178403755867,60.9875,0.8,5,213,243.95,1.0,72.0,1.0,0.0,0.0
-23.0,0.38000000000000006,0.02857142857142857,19.12333333333333,2.0,1,35,57.37,1.0,72.0,0.0,1.0,0.0
25722.7,0.3916036302565439,0.02301989855637924,31.64918918918919,0.5423728813559322,59,2563,1171.02,1.0,72.0,0.0,0.0,1.0
1800.62,0.3953409936577401,0.02608695652173913,60.9875,0.16666666666666666,6,230,243.95,1.0,96.0,1.0,0.0,0.0
13018.39,0.3914612866875243,0.019398642095053348,31.64918918918919,0.15,40,2062,1171.02,1.0,96.0,0.0,0.0,1.0
5174.26,0.3849779292111336,0.04093567251461988,60.9875,0.0,7,171,243.95,1.0,144.0,1.0,0.0,0.0
387.05,0.38966154243637774,0.04,19.12333333333333,0.0,1,25,57.37,1.0,144.0,0.0,1.0,0.0
19392.04,0.38775142790547057,0.03623611922852133,31.64918918918919,0.0967741935483871,62,1711,1171.02,1.0,144.0,0.0,0.0,1.0
2428.59,0.4045236536426487,0.019230769230769232,36.645714285714284,0.3333333333333333,6,312,256.52,1.0,0.0,1.0,0.0,0.0
12639.03,0.3894090527516748,0.02268760907504363,23.70327272727273,0.8,65,2865,1303.68,1.0,0.0,0.0,0.0,1.0
1178.71,0.37947120156781566,0.021929824561403508,36.645714285714284,1.4,5,228,256.52,1.0,24.0,1.0,0.0,0.0
32367.38,0.39307956961607643,0.03333333333333333,23.70327272727273,0.2839506172839506,81,2430,1303.68,1.0,24.0,0.0,0.0,1.0
5978.3,0.3927699345967917,0.03313253012048193,36.645714285714284,1.5454545454545454,11,332,256.52,1.0,48.0,1.0,0.0,0.0
23379.03,0.38780582000194186,0.02219020172910663,23.70327272727273,0.06493506493506493,77,3470,1303.68,1.0,48.0,0.0,0.0,1.0
5498.42,0.39917092546586114,0.03218390804597701,36.645714285714284,0.07142857142857142,14,435,256.52,1.0,72.0,1.0,0.0,0.0
36668.1,0.3958426425148835,0.027826699542092288,23.70327272727273,0.24050632911392406,79,2839,1303.68,1.0,72.0,0.0,0.0,1.0
7170.4800000000005,0.38527864243397936,0.02857142857142857,36.645714285714284,0.0,3,105,256.52,1.0,96.0,1.0,0.0,0.0
-8.5,0.41999999999999993,0.022222222222222223,18.706666666666667,1.0,1,45,56.12,1.0,96.0,0.0,1.0,0.0
50220.36,0.35915536049522545,0.024656235182550973,23.70327272727273,0.3269230769230769,52,2109,1303.68,1.0,96.0,0.0,0.0,1.0
853.38,0.38200309358081974,0.03636363636363636,36.645714285714284,0.0,2,55,256.52,1.0,144.0,1.0,0.0,0.0
11495.63,0.39189254525415307,0.04026115342763874,23.70327272727273,0.1891891891891892,37,919,1303.68,1.0,144.0,0.0,0.0,1.0
5270.63,0.3858099316400506,0.020356234096692113,57.6875,0.5,8,393,230.75,1.0,0.0,1.0,0.0,0.0
11882.83,0.3948694713296412,0.026641651031894933,32.362115384615386,0.8873239436619719,71,2665,1682.83,1.0,0.0,0.0,0.0,1.0
-24.2,0.3585330578512396,0.02631578947368421,57.6875,2.0,1,38,230.75,1.0,24.0,1.0,0.0,0.0
33202.73,0.3952474058609037,0.019978594363182306,32.362115384615386,0.10714285714285714,56,2803,1682.83,1.0,24.0,0.0,0.0,1.0
6313.5599999999995,0.38943409106748006,0.02413793103448276,57.6875,0.0,7,290,230.75,1.0,48.0,1.0,0.0,0.0
23426.81,0.38867800609643394,0.023529411764705882,21.656666666666666,0.0,2,85,64.97,1.0,48.0,0.0,1.0,0.0
13608.03,0.39097074300982576,0.03110599078341014,32.362115384615386,0.5185185185185185,54,1736,1682.83,1.0,48.0,0.0,0.0,1.0
3280.17,0.39282509747970384,0.026058631921824105,57.6875,0.375,8,307,230.75,1.0,72.0,1.0,0.0,0.0
28208.65,0.39790988225242974,0.02304394426580922,32.362115384615386,0.22093023255813954,86,3732,1682.83,1.0,72.0,0.0,0.0,1.0
4901.56,0.38776356914941373,0.02702702702702703,57.6875,0.3333333333333333,6,222,230.75,1.0,96.0,1.0,0.0,0.0
13786.22,0.39008952417704046,0.018584420719652037,32.362115384615386,0.3617021276595745,47,2529,1682.83,1.0,96.0,0.0,0.0,1.0
6574.79,0.37981133998196137,0.058823529411764705,57.6875,0.0,6,102,230.75,1.0,144.0,1.0,0.0,0.0
15683.99,0.39573087588043604,0.0341726618705036,32.362115384615386,0.15789473684210525,57,1668,1682.83,1.0,144.0,0.0,0.0,1.0
6819.6900000000005,0.38490690925833876,0.025210084033613446,30.355555555555554,0.5555555555555556,9,357,273.2,1.0,0.0,1.0,0.0,0.0
1357.24,0.39003676578939617,0.0196078431372549,37.85,0.0,2,102,113.55000000000001,1.0,0.0,0.0,1.0,0.0
16639.34,0.3792691657241213,0.02166294998407136,27.336190476190474,0.4852941176470588,68,3139,1148.12,1.0,0.0,0.0,0.0,1.0
3241.38,0.39697076553813504,0.021834061135371178,30.355555555555554,0.0,5,229,273.2,1.0,24.0,1.0,0.0,0.0
16135.64,0.39443578314835975,0.029920523609163162,27.336190476190474,0.578125,64,2139,1148.12,1.0,24.0,0.0,0.0,1.0
2244.48,0.407406125249501,0.024489795918367346,30.355555555555554,0.0,6,245,273.2,1.0,48.0,1.0,0.0,0.0
1607.04,0.39272401433691756,0.02564102564102564,37.85,0.0,1,39,113.55000000000001,1.0,48.0,0.0,1.0,0.0
16470.85,0.3886268953939839,0.02693089430894309,27.336190476190474,0.09433962264150944,53,1968,1148.12,1.0,48.0,0.0,0.0,1.0
2097.03,0.387632699579882,0.026239067055393587,30.355555555555554,0.2222222222222222,9,343,273.2,1.0,72.0,1.0,0.0,0.0
19267.02,0.3900509886842905,0.029726516052318668,27.336190476190474,0.28,75,2523,1148.12,1.0,72.0,0.0,0.0,1.0
2023.1,0.38510780485393703,0.019672131147540985,30.355555555555554,0.16666666666666666,6,305,273.2,1.0,96.0,1.0,0.0,0.0
13754.15,0.3884442077482069,0.022310361923648984,27.336190476190474,0.17777777777777778,45,2017,1148.12,1.0,96.0,0.0,0.0,1.0
658.48,0.40257821042400677,0.05555555555555555,30.355555555555554,0.0,3,54,273.2,1.0,144.0,1.0,0.0,0.0
5368.69,0.40269957848190147,0.034736842105263156,27.336190476190474,1.2424242424242424,33,950,1148.12,1.0,144.0,0.0,0.0,1.0
999.5600000000001,0.38103545560046415,0.02727272727272727,43.73333333333333,0.0,3,110,131.2,1.0,0.0,1.0,0.0,0.0
12202.74,0.3870909238416945,0.019514310494362534,33.28382352941177,0.5333333333333333,45,2306,1131.65,1.0,0.0,0.0,0.0,1.0
14144.74,0.37857743585247944,0.029411764705882353,43.73333333333333,0.0,4,136,131.2,1.0,24.0,1.0,0.0,0.0
15594.710000000001,0.39777299481683215,0.032475490196078434,33.28382352941177,0.4528301886792453,53,1632,1131.65,1.0,24.0,0.0,0.0,1.0
2887.44,0.3980696395422935,0.022727272727272728,43.73333333333333,1.0,4,176,131.2,1.0,48.0,1.0,0.0,0.0
9360.5,0.3865048234602852,0.023169601482854494,33.28382352941177,0.6,50,2158,1131.65,1.0,48.0,0.0,0.0,1.0
1948.38,0.38349059218427617,0.019417475728155338,43.73333333333333,0.16666666666666666,6,309,131.2,1.0,72.0,1.0,0.0,0.0
1760.96,0.38422678538978733,0.028985507246376812,29.040000000000003,0.0,2,69,87.12,1.0,72.0,0.0,1.0,0.0
36943.59,0.399289587178723,0.023197715917202,33.28382352941177,0.12307692307692308,65,2802,1131.65,1.0,72.0,0.0,0.0,1.0
2590.11,0.39075973607298536,0.018223234624145785,43.73333333333333,0.75,8,439,131.2,1.0,96.0,1.0,0.0,0.0
9043.89,0.39018453342532905,0.019255455712451863,33.28382352941177,0.7777777777777778,45,2337,1131.65,1.0,96.0,0.0,0.0,1.0
5977.14,0.39804095269644013,0.05521472392638037,33.28382352941177,0.14814814814814814,27,489,1131.65,1.0,144.0,0.0,0.0,1.0
5565.12,0.3914364110746938,0.02097902097902098,59.57666666666666,0.0,3,143,178.73,1.0,0.0,1.0,0.0,0.0
24824.97,0.39726228873589775,0.027628032345013476,30.07,0.2926829268292683,41,1484,1052.45,1.0,0.0,0.0,0.0,1.0
1322.49,0.38454166005035956,0.030303030303030304,59.57666666666666,0.25,4,132,178.73,1.0,24.0,1.0,0.0,0.0
24093.35,0.3931392811709455,0.02414965986394558,30.07,0.352112676056338,71,2940,1052.45,1.0,24.0,0.0,0.0,1.0
4623.28,0.39962078870412343,0.021834061135371178,59.57666666666666,0.0,5,229,178.73,1.0,48.0,1.0,0.0,0.0
18002.39,0.3950078128515158,0.02904204594711747,30.07,0.31343283582089554,67,2307,1052.45,1.0,48.0,0.0,0.0,1.0
1689.72,0.38783194848850705,0.02457002457002457,59.57666666666666,1.3,10,407,178.73,1.0,72.0,1.0,0.0,0.0
24916.19,0.38574745978418046,0.021061269146608316,30.07,0.36363636363636365,77,3656,1052.45,1.0,72.0,0.0,0.0,1.0
2611.07,0.39229086160079973,0.023728813559322035,59.57666666666666,0.14285714285714285,7,295,178.73,1.0,96.0,1.0,0.0,0.0
14503.26,0.377402273695707,0.01699524133242692,30.07,0.72,50,2942,1052.45,1.0,96.0,0.0,0.0,1.0
5685.77,0.3969541504492795,0.05631067961165048,30.07,0.1724137931034483,29,515,1052.45,1.0,144.0,0.0,0.0,1.0
1137.22,0.39057367967499695,0.02666666666666667,67.70666666666666,0.0,4,150,203.12,1.0,0.0,1.0,0.0,0.0
1217.64,0.3946406162741041,0.029411764705882353,24.883333333333336,0.0,1,34,74.65,1.0,0.0,0.0,1.0,0.0
17388.86,0.3935642992122543,0.025775656324582338,32.76275,0.42592592592592593,54,2095,1310.51,1.0,0.0,0.0,0.0,1.0
2061.67,0.3875295270339094,0.025806451612903226,67.70666666666666,0.0,8,310,203.12,1.0,24.0,1.0,0.0,0.0
15310.01,0.3956487095697521,0.03263086335825969,32.76275,0.4166666666666667,48,1471,1310.51,1.0,24.0,0.0,0.0,1.0
2608.17,0.4022592852459771,0.027906976744186046,67.70666666666666,0.0,6,215,203.12,1.0,48.0,1.0,0.0,0.0
2796.36,0.4043885622738132,0.03389830508474576,24.883333333333336,0.0,2,59,74.65,1.0,48.0,0.0,1.0,0.0
13546.62,0.3934322879065036,0.020987654320987655,32.76275,0.0784313725490196,51,2430,1310.51,1.0,48.0,0.0,0.0,1.0
4653.29,0.39473626187063343,0.031578947368421054,67.70666666666666,0.16666666666666666,6,190,203.12,1.0,72.0,1.0,0.0,0.0
2584.89,0.3999291652642859,0.027777777777777776,24.883333333333336,0.0,3,108,74.65,1.0,72.0,0.0,1.0,0.0
23348.22,0.39073940111922884,0.020164725930133486,32.76275,0.8873239436619719,71,3521,1310.51,1.0,72.0,0.0,0.0,1.0
1477.21,0.391729679598703,0.029411764705882353,67.70666666666666,0.25,4,136,203.12,1.0,96.0,1.0,0.0,0.0
9256.76,0.392137443338706,0.02197213290460879,32.76275,0.21951219512195122,41,1866,1310.51,1.0,96.0,0.0,0.0,1.0
441.33000000000004,0.38777785330704917,0.045454545454545456,67.70666666666666,0.0,2,44,203.12,1.0,144.0,1.0,0.0,0.0
16443.37,0.39457055944128233,0.042662116040955635,32.76275,0.04,50,1172,1310.51,1.0,144.0,0.0,0.0,1.0
2648.54,0.4004787543325757,0.02857142857142857,58.8125,0.0,3,105,235.25,1.0,0.0,1.0,0.0,0.0
3949.32,0.41138383316621596,0.021739130434782608,20.783333333333335,0.0,1,46,62.35,1.0,0.0,0.0,1.0,0.0
13909.1,0.392021396064447,0.020775069916100678,32.49648648648648,0.9807692307692307,52,2503,1202.37,1.0,0.0,0.0,0.0,1.0
16552.39,0.39290144806882865,0.027722772277227723,58.8125,0.35714285714285715,14,505,235.25,1.0,24.0,1.0,0.0,0.0
483.02000000000004,0.3988985963314149,0.034482758620689655,20.783333333333335,19.0,3,87,62.35,1.0,24.0,0.0,1.0,0.0
28705.33,0.3930454170009542,0.02834199338686821,32.49648648648648,0.4166666666666667,60,2117,1202.37,1.0,24.0,0.0,0.0,1.0
1922.16,0.3880759666208849,0.0199203187250996,58.8125,0.0,5,251,235.25,1.0,48.0,1.0,0.0,0.0
22475.0,0.3868090545050055,0.021671826625386997,32.49648648648648,0.25,56,2584,1202.37,1.0,48.0,0.0,0.0,1.0
2963.27,0.4012817934241564,0.02142857142857143,58.8125,0.3333333333333333,6,280,235.25,1.0,72.0,1.0,0.0,0.0
616.8,0.40339332036316466,0.0196078431372549,20.783333333333335,0.0,1,51,62.35,1.0,72.0,0.0,1.0,0.0
25827.66,0.39323072628337213,0.025982256020278833,32.49648648648648,0.8170731707317073,82,3156,1202.37,1.0,72.0,0.0,0.0,1.0
1466.09,0.3847414551630527,0.017857142857142856,58.8125,0.0,2,112,235.25,1.0,96.0,1.0,0.0,0.0
12869.2,0.39188663630994935,0.01936619718309859,32.49648648648648,0.3409090909090909,44,2272,1202.37,1.0,96.0,0.0,0.0,1.0
935.03,0.3924102969958183,0.04,58.8125,0.0,2,50,235.25,1.0,144.0,1.0,0.0,0.0
679.46,0.3965696288228888,0.034482758620689655,20.783333333333335,0.0,2,58,62.35,1.0,144.0,0.0,1.0,0.0
24466.27,0.3942214444621105,0.04961505560307956,32.49648648648648,0.15517241379310345,58,1169,1202.37,1.0,144.0,0.0,0.0,1.0
3290.96,0.3805131329460097,0.028985507246376812,45.182500000000005,0.16666666666666666,6,207,180.73000000000002,1.0,0.0,1.0,0.0,0.0
15818.6,0.39476994803585647,0.0254841997961264,26.44425,0.06,50,1962,1057.77,1.0,0.0,0.0,0.0,1.0
989.71,0.40039749017388937,0.025906735751295335,45.182500000000005,1.0,5,193,180.73000000000002,1.0,24.0,1.0,0.0,0.0
80.63999999999999,0.3610714285714286,0.023255813953488372,27.74333333333333,0.5,2,86,83.22999999999999,1.0,24.0,0.0,1.0,0.0
15825.491,0.3938996521498132,0.03153669724770642,26.44425,0.45454545454545453,55,1744,1057.77,1.0,24.0,0.0,0.0,1.0
2411.77,0.3851723837679381,0.02631578947368421,45.182500000000005,0.0,5,190,180.73000000000002,1.0,48.0,1.0,0.0,0.0
3680.4,0.381541299858711,0.030303030303030304,27.74333333333333,0.0,1,33,83.22999999999999,1.0,48.0,0.0,1.0,0.0
16515.670000000002,0.38420405590569445,0.021112255406797117,26.44425,0.07317073170731707,41,1942,1057.77,1.0,48.0,0.0,0.0,1.0
6767.14,0.4318349997192315,0.028925619834710745,45.182500000000005,0.2857142857142857,7,242,180.73000000000002,1.0,72.0,1.0,0.0,0.0
546.43,0.4048174514576432,0.02,27.74333333333333,0.0,2,100,83.22999999999999,1.0,72.0,0.0,1.0,0.0
46079.54,0.39676883710210653,0.0219727728684022,26.44425,0.41304347826086957,92,4187,1057.77,1.0,72.0,0.0,0.0,1.0
1270.3,0.3977465165708888,0.018404907975460124,45.182500000000005,1.3333333333333333,3,163,180.73000000000002,1.0,96.0,1.0,0.0,0.0
15225.02,0.38922094683619457,0.02875399361022364,26.44425,0.07936507936507936,63,2191,1057.77,1.0,96.0,0.0,0.0,1.0
19432.59,0.39919905684213997,0.05102040816326531,45.182500000000005,0.0,5,98,180.73000000000002,1.0,144.0,1.0,0.0,0.0
13553.59,0.39731728641636643,0.036779324055666,26.44425,0.02702702702702703,37,1006,1057.77,1.0,144.0,0.0,0.0,1.0
1740.74,0.4013429920608477,0.0273972602739726,48.368,0.0,2,73,241.84,1.0,0.0,1.0,0.0,0.0
17691.0,0.3938942004409021,0.02981651376146789,31.4,0.07692307692307693,39,1308,1256.0,1.0,0.0,0.0,0.0,1.0
6409.55,0.4011788035041462,0.03103448275862069,48.368,0.4444444444444444,9,290,241.84,1.0,24.0,1.0,0.0,0.0
13337.23,0.3918334016883565,0.023476523476523476,31.4,0.6595744680851063,47,2002,1256.0,1.0,24.0,0.0,0.0,1.0
1532.54,0.3874280606052697,0.02109704641350211,48.368,0.4,5,237,241.84,1.0,48.0,1.0,0.0,0.0
23929.510000000002,0.3986547990326589,0.024273504273504273,31.4,0.4788732394366197,71,2925,1256.0,1.0,48.0,0.0,0.0,1.0
3450.91,0.3955025775809858,0.02147239263803681,48.368,2.857142857142857,14,652,241.84,1.0,72.0,1.0,0.0,0.0
53680.72,0.386309207477098,0.024128686327077747,31.4,0.09722222222222222,72,2984,1256.0,1.0,72.0,0.0,0.0,1.0
4105.88,0.3953498397420285,0.02857142857142857,48.368,0.2857142857142857,7,245,241.84,1.0,96.0,1.0,0.0,0.0
15219.72,0.3994710415171895,0.021034180543382998,31.4,0.0625,48,2282,1256.0,1.0,96.0,0.0,0.0,1.0
107.4,0.37298882681564244,0.05,48.368,0.0,1,20,241.84,1.0,144.0,1.0,0.0,0.0
7354.7699999999995,0.39808614001525533,0.049441786283891544,31.4,0.3870967741935484,31,627,1256.0,1.0,144.0,0.0,0.0,1.0
2321.09,0.4006062668832316,0.025974025974025976,68.62666666666667,0.0,4,154,205.88,1.0,0.0,1.0,0.0,0.0
17145.48,0.39063577689280204,0.02125506072874494,42.204,0.6190476190476191,42,1976,844.08,1.0,0.0,0.0,0.0,1.0
12449.14,0.3710136443159929,0.03278688524590164,68.62666666666667,0.75,4,122,205.88,1.0,24.0,1.0,0.0,0.0
12533.0,0.3862833320035107,0.03306878306878307,42.204,0.52,50,1512,844.08,1.0,24.0,0.0,0.0,1.0
3108.26,0.3862362221950545,0.03260869565217391,68.62666666666667,0.0,6,184,205.88,1.0,48.0,1.0,0.0,0.0
16178.36,0.38699356424260556,0.02771362586605081,42.204,0.2916666666666667,48,1732,844.08,1.0,48.0,0.0,0.0,1.0
21710.95,0.39193661263095353,0.02280130293159609,68.62666666666667,0.42857142857142855,7,307,205.88,1.0,72.0,1.0,0.0,0.0
29712.47,0.3970019220886045,0.028797996661101836,42.204,0.6521739130434783,69,2396,844.08,1.0,72.0,0.0,0.0,1.0
4533.72,0.3924698261030677,0.018604651162790697,68.62666666666667,0.75,8,430,205.88,1.0,96.0,1.0,0.0,0.0
608.76,0.37925947828372425,0.030303030303030304,20.79,0.0,1,33,62.37,1.0,96.0,0.0,1.0,0.0
12477.29,0.3920949420907906,0.02009273570324575,42.204,0.0,39,1941,844.08,1.0,96.0,0.0,0.0,1.0
-392.81,0.39936992439092706,0.03260869565217391,68.62666666666667,0.6666666666666666,3,92,205.88,1.0,144.0,1.0,0.0,0.0
5542.99,0.3946976631745682,0.036016949152542374,42.204,0.5,34,944,844.08,1.0,144.0,0.0,0.0,1.0
4025.51,0.39299661409361797,0.021834061135371178,31.82125,0.0,5,229,254.57,1.0,0.0,1.0,0.0,0.0
13072.03,0.3951430573522246,0.026213050752928055,30.758235294117647,0.14893617021276595,47,1793,1045.78,1.0,0.0,0.0,0.0,1.0
361.5,0.3983192254495159,0.024390243902439025,31.82125,0.8,5,205,254.57,1.0,24.0,1.0,0.0,0.0
15493.8,0.39842428584336953,0.021210782147591693,30.758235294117647,0.14583333333333334,48,2263,1045.78,1.0,24.0,0.0,0.0,1.0
2928.69,0.39644339277970697,0.03286384976525822,31.82125,0.14285714285714285,7,213,254.57,1.0,48.0,1.0,0.0,0.0
43339.14,0.39245092542214727,0.028538812785388126,30.758235294117647,0.22,50,1752,1045.78,1.0,48.0,0.0,0.0,1.0
532.07,0.37433946661153616,0.020761245674740483,31.82125,2.3333333333333335,6,289,254.57,1.0,72.0,1.0,0.0,0.0
26754.25,0.40946580076062683,0.02564102564102564,24.893333333333334,0.0,2,78,74.68,1.0,72.0,0.0,1.0,0.0
25834.83,0.3911382385717267,0.027722110888443553,30.758235294117647,0.39759036144578314,83,2994,1045.78,1.0,72.0,0.0,0.0,1.0
4029.66,0.39174153650680205,0.019120458891013385,31.82125,0.4,10,523,254.57,1.0,96.0,1.0,0.0,0.0
12783.88,0.3922016085883159,0.01828358208955224,30.758235294117647,0.08163265306122448,49,2680,1045.78,1.0,96.0,0.0,0.0,1.0
2651.25,0.36278740216878824,0.04,31.82125,0.2857142857142857,7,175,254.57,1.0,144.0,1.0,0.0,0.0
11797.94,0.3944708228724676,0.04116222760290557,30.758235294117647,0.08823529411764706,34,826,1045.78,1.0,144.0,0.0,0.0,1.0
2280.87,0.39042251421606666,0.02857142857142857,76.88333333333334,0.0,4,140,230.65,1.0,0.0,1.0,0.0,0.0
531.03,0.3884262659360111,0.025974025974025976,29.72666666666667,0.0,2,77,89.18,1.0,0.0,0.0,1.0,0.0
24936.23,0.3885811167125102,0.02609830361026533,32.0159375,0.08333333333333333,60,2299,1024.51,1.0,0.0,0.0,0.0,1.0
4350.95,0.39035187717624886,0.03194103194103194,76.88333333333334,0.8461538461538461,13,407,230.65,1.0,24.0,1.0,0.0,0.0
-49.79,0.3889134364330187,0.02127659574468085,29.72666666666667,8.0,1,47,89.18,1.0,24.0,0.0,1.0,0.0
17738.81,0.3894325774953337,0.030285381479324403,32.0159375,0.057692307692307696,52,1717,1024.51,1.0,24.0,0.0,0.0,1.0
2375.68,0.3940782428609913,0.027247956403269755,76.88333333333334,0.0,10,367,230.65,1.0,48.0,1.0,0.0,0.0
35214.93,0.3847813583613541,0.024354460093896715,32.0159375,0.6385542168674698,83,3408,1024.51,1.0,48.0,0.0,0.0,1.0
3761.51,0.4033642074592385,0.021505376344086023,76.88333333333334,0.0,10,465,230.65,1.0,72.0,1.0,0.0,0.0
51.559999999999995,0.4,0.030303030303030304,29.72666666666667,0.0,1,33,89.18,1.0,72.0,0.0,1.0,0.0
17834.71,0.389469388624766,0.029076620825147347,32.0159375,0.581081081081081,74,2545,1024.51,1.0,72.0,0.0,0.0,1.0
10602.83,0.391537070763183,0.02,76.88333333333334,0.0,8,400,230.65,1.0,96.0,1.0,0.0,0.0
13193.6,0.39729498393160323,0.027298850574712645,32.0159375,0.07894736842105263,38,1392,1024.51,1.0,96.0,0.0,0.0,1.0
1246.49,0.39736516137313577,0.04,76.88333333333334,0.0,1,25,230.65,1.0,144.0,1.0,0.0,0.0
9538.29,0.39798004673793735,0.044186046511627906,32.0159375,0.10526315789473684,38,860,1024.51,1.0,144.0,0.0,0.0,1.0
305.77,0.37882264447133457,0.035211267605633804,59.78,2.0,5,142,239.12,1.0,24.0,1.0,0.0,0.0
8215.36,0.39747356171853704,0.034482758620689655,42.2672,0.28,25,725,1056.68,1.0,24.0,0.0,0.0,1.0
7102.41,0.40763340894147193,0.022727272727272728,59.78,1.2,10,440,239.12,1.0,48.0,1.0,0.0,0.0
3905.9399999999996,0.3715308222860565,0.03235294117647059,42.2672,1.5151515151515151,66,2040,1056.68,1.0,48.0,0.0,0.0,1.0
4271.87,0.4468175529686062,0.030120481927710843,59.78,0.4,5,166,239.12,1.0,72.0,1.0,0.0,0.0
3917.26,0.4098188529737623,0.028037383177570093,27.686666666666667,0.0,3,107,83.06,1.0,72.0,0.0,1.0,0.0
28539.68,0.39338032521738153,0.02264030612244898,42.2672,0.056338028169014086,71,3136,1056.68,1.0,72.0,0.0,0.0,1.0
3315.58,0.381680249006207,0.01935483870967742,59.78,0.75,12,620,239.12,1.0,96.0,1.0,0.0,0.0
25491.260000000002,0.38769942717621647,0.031143552311435525,42.2672,0.296875,64,2055,1056.68,1.0,96.0,0.0,0.0,1.0
3749.57,0.38903516936608734,0.04895104895104895,59.78,0.0,7,143,239.12,1.0,144.0,1.0,0.0,0.0
12996.61,0.3974695709111838,0.03759398496240601,42.2672,0.2,45,1197,1056.68,1.0,144.0,0.0,0.0,1.0
10445.960000000001,0.3930672049289869,0.03225806451612903,57.626666666666665,1.2727272727272727,11,341,172.88,1.0,0.0,1.0,0.0,0.0
147.7,0.35670277589708865,0.02857142857142857,20.81,0.0,1,35,62.43,1.0,0.0,0.0,1.0,0.0
24407.94,0.40094084138194375,0.029411764705882353,29.362000000000002,0.06557377049180328,61,2074,1174.48,1.0,0.0,0.0,0.0,1.0
5128.63,0.399608628425135,0.03428571428571429,57.626666666666665,0.0,6,175,172.88,1.0,24.0,1.0,0.0,0.0
19746.9,0.3991631749793638,0.03184025903939557,29.362000000000002,0.3050847457627119,59,1853,1174.48,1.0,24.0,0.0,0.0,1.0
6179.05,0.39373816363356823,0.024054982817869417,57.626666666666665,0.0,7,291,172.88,1.0,48.0,1.0,0.0,0.0
15359.49,0.3887545224483365,0.02036094400740398,29.362000000000002,0.7272727272727273,44,2161,1174.48,1.0,48.0,0.0,0.0,1.0
4903.54,0.39225445290545197,0.023255813953488372,57.626666666666665,0.0,8,344,172.88,1.0,72.0,1.0,0.0,0.0
17596.96,0.39783412589447265,0.019759450171821305,29.362000000000002,0.3188405797101449,69,3492,1174.48,1.0,72.0,0.0,0.0,1.0
5520.49,0.3923133453733274,0.021367521367521368,57.626666666666665,1.4,10,468,172.88,1.0,96.0,1.0,0.0,0.0
18864.71,0.3974429927626769,0.018588362068965518,29.362000000000002,0.4492753623188406,69,3712,1174.48,1.0,96.0,0.0,0.0,1.0
1514.27,0.4018003394374848,0.04597701149425287,57.626666666666665,0.0,4,87,172.88,1.0,144.0,1.0,0.0,0.0
33699.2,0.3970954622068179,0.040793825799338476,29.362000000000002,0.06756756756756757,74,1814,1174.48,1.0,144.0,0.0,0.0,1.0
27290.38,0.4006954648487856,0.02992602555480834,31.12761194029851,0.7078651685393258,89,2974,2085.55,1.0,0.0,0.0,0.0,1.0
12932.92,0.4024612848451858,0.024752475247524754,51.73333333333333,0.0,5,202,155.2,1.0,24.0,1.0,0.0,0.0
34873.63,0.40219998032897636,0.03472599023331525,31.12761194029851,0.109375,64,1843,2085.55,1.0,24.0,0.0,0.0,1.0
2107.16,0.40134213823345155,0.03314917127071823,51.73333333333333,0.6666666666666666,6,181,155.2,1.0,48.0,1.0,0.0,0.0
112.07999999999998,0.4,0.03333333333333333,25.21666666666667,0.0,1,30,75.65,1.0,48.0,0.0,1.0,0.0
19486.39,0.3972505682170992,0.035505836575875485,31.12761194029851,0.410958904109589,73,2056,2085.55,1.0,48.0,0.0,0.0,1.0
3799.68,0.3935158750210544,0.030418250950570342,51.73333333333333,0.375,8,263,155.2,1.0,72.0,1.0,0.0,0.0
65392.7,0.4013276252548067,0.025579536370903277,31.12761194029851,0.4166666666666667,96,3753,2085.55,1.0,72.0,0.0,0.0,1.0
1062.47,0.3847359454855196,0.027522935779816515,51.73333333333333,0.8333333333333334,6,218,155.2,1.0,96.0,1.0,0.0,0.0
519.89,0.41382311642847525,0.027777777777777776,25.21666666666667,0.0,1,36,75.65,1.0,96.0,0.0,1.0,0.0
21407.49,0.4052867290840729,0.02236266407389402,31.12761194029851,0.10869565217391304,46,2057,2085.55,1.0,96.0,0.0,0.0,1.0
15690.68,0.395899712440761,0.04093567251461988,31.12761194029851,0.07142857142857142,28,684,2085.55,1.0,144.0,0.0,0.0,1.0
26901.78,0.38387921914460676,0.023529411764705882,31.654444444444444,0.1111111111111111,18,765,284.89,1.0,0.0,1.0,0.0,0.0
18740.13,0.39567124134144216,0.022832561217736597,20.588313253012046,0.5797101449275363,69,3022,1708.83,1.0,0.0,0.0,0.0,1.0
2844.88,0.4044015564804139,0.02168021680216802,31.654444444444444,0.375,8,369,284.89,1.0,24.0,1.0,0.0,0.0
100443.03,0.4003990371457332,0.03507795100222717,20.588313253012046,0.031746031746031744,63,1796,1708.83,1.0,24.0,0.0,0.0,1.0
7489.64,0.39150923141833255,0.02533783783783784,31.654444444444444,0.4666666666666667,15,592,284.89,1.0,48.0,1.0,0.0,0.0
24181.29,0.39580521965536164,0.02227364767139138,20.588313253012046,1.1428571428571428,77,3457,1708.83,1.0,48.0,0.0,0.0,1.0
10627.17,0.39479082389761344,0.03162055335968379,31.654444444444444,0.0,16,506,284.89,1.0,72.0,1.0,0.0,0.0
44440.19,0.39865925415710424,0.024104234527687295,20.588313253012046,0.5225225225225225,111,4605,1708.83,1.0,72.0,0.0,0.0,1.0
7460.47,0.40666035785949145,0.029850746268656716,31.654444444444444,0.1,10,335,284.89,1.0,96.0,1.0,0.0,0.0
22718.58,0.40777964996051697,0.02627450980392157,20.588313253012046,0.5671641791044776,67,2550,1708.83,1.0,96.0,0.0,0.0,1.0
1599.25,0.3956608410192277,0.060240963855421686,31.654444444444444,0.0,5,83,284.89,1.0,144.0,1.0,0.0,0.0
825.9200000000001,0.391925125920186,0.058823529411764705,20.313333333333333,0.0,1,17,60.94,1.0,144.0,0.0,1.0,0.0
28639.591,0.40602286534050014,0.048484848484848485,20.588313253012046,0.06944444444444445,72,1485,1708.83,1.0,144.0,0.0,0.0,1.0
2376.77,0.43787686650370045,0.022058823529411766,63.169999999999995,0.3333333333333333,6,272,189.51,1.0,0.0,1.0,0.0,0.0
25495.59,0.41131967528501984,0.021878155503197577,26.75865671641791,0.2923076923076923,65,2971,1792.83,1.0,0.0,0.0,0.0,1.0
1547.95,0.38773668400142125,0.03225806451612903,63.169999999999995,0.875,8,248,189.51,1.0,24.0,1.0,0.0,0.0
27148.62,0.4013355117129342,0.01993656547349343,26.75865671641791,0.32954545454545453,88,4414,1792.83,1.0,24.0,0.0,0.0,1.0
5733.81,0.4020290871165944,0.0319634703196347,63.169999999999995,0.2857142857142857,14,438,189.51,1.0,48.0,1.0,0.0,0.0
596.5,0.372487845766974,0.03636363636363636,20.169999999999998,0.5,4,110,60.51,1.0,48.0,0.0,1.0,0.0
31840.3,0.4048720929136974,0.025290697674418605,26.75865671641791,0.4367816091954023,87,3440,1792.83,1.0,48.0,0.0,0.0,1.0
3119.41,0.3888952398049631,0.030100334448160536,63.169999999999995,0.1111111111111111,9,299,189.51,1.0,72.0,1.0,0.0,0.0
38583.72,0.40149329820971125,0.031578947368421054,26.75865671641791,0.4215686274509804,102,3230,1792.83,1.0,72.0,0.0,0.0,1.0
8381.36,0.3929060558191034,0.020242914979757085,63.169999999999995,1.3,10,494,189.51,1.0,96.0,1.0,0.0,0.0
31120.49,0.40117687735636554,0.024930747922437674,26.75865671641791,0.3611111111111111,72,2888,1792.83,1.0,96.0,0.0,0.0,1.0
11572.0,0.4032582094711372,0.03434739941118744,26.75865671641791,0.08571428571428572,35,1019,1792.83,1.0,144.0,0.0,0.0,1.0
295.7,0.3860331416976665,0.022727272727272728,39.76571428571429,1.3333333333333333,3,132,278.36,1.0,0.0,1.0,0.0,0.0
56114.06,0.3985585074400248,0.028991778450887063,23.767865168539327,0.08955223880597014,67,2311,2115.34,1.0,0.0,0.0,0.0,1.0
898.9300000000001,0.3906774721057258,0.032,39.76571428571429,0.5,8,250,278.36,1.0,24.0,1.0,0.0,0.0
138.03,0.40041295370571617,0.029850746268656716,23.323333333333334,0.0,2,67,69.97,1.0,24.0,0.0,1.0,0.0
36997.47,0.41055021059548125,0.021505376344086023,23.767865168539327,0.32051282051282054,78,3627,2115.34,1.0,24.0,0.0,0.0,1.0
10051.53,0.4043545808449063,0.0262582056892779,39.76571428571429,0.0,12,457,278.36,1.0,48.0,1.0,0.0,0.0
16471.77,0.41037316572535926,0.03125,23.323333333333334,0.0,2,64,69.97,1.0,48.0,0.0,1.0,0.0
46656.93,0.40252020225076957,0.02182952182952183,23.767865168539327,0.6904761904761905,84,3848,2115.34,1.0,48.0,0.0,0.0,1.0
6457.75,0.3936059463435407,0.030100334448160536,39.76571428571429,0.5555555555555556,18,598,278.36,1.0,72.0,1.0,0.0,0.0
678.76,0.40163592433260653,0.03125,23.323333333333334,0.0,2,64,69.97,1.0,72.0,0.0,1.0,0.0
45290.35,0.39198100257560387,0.02567853079798472,23.767865168539327,1.360759493670886,158,6153,2115.34,1.0,72.0,0.0,0.0,1.0
6285.35,0.38940354952389283,0.028634361233480177,39.76571428571429,0.0,13,454,278.36,1.0,96.0,1.0,0.0,0.0
42067.21,0.3963025857906906,0.026064844246662427,23.767865168539327,0.7439024390243902,82,3146,2115.34,1.0,96.0,0.0,0.0,1.0
11864.65,0.409577888938991,0.03857280617164899,23.767865168539327,0.775,40,1037,2115.34,1.0,144.0,0.0,0.0,1.0
4056.52,0.3910706714129352,0.02865329512893983,37.975,0.6,10,349,303.8,1.0,0.0,1.0,0.0,0.0
1579.51,0.4217784629410387,0.029411764705882353,35.27333333333333,0.0,1,34,105.82,1.0,0.0,0.0,1.0,0.0
35149.590000000004,0.4043023858884272,0.02693965517241379,20.994666666666667,0.49,100,3712,1259.68,1.0,0.0,0.0,0.0,1.0
9469.53,0.3957624190429726,0.02997275204359673,37.975,0.2727272727272727,11,367,303.8,1.0,24.0,1.0,0.0,0.0
22451.29,0.4106090251384219,0.028561228132809712,20.994666666666667,0.5125,80,2801,1259.68,1.0,24.0,0.0,0.0,1.0
5734.37,0.3880276996426809,0.021568627450980392,37.975,2.0454545454545454,22,1020,303.8,1.0,48.0,1.0,0.0,0.0
-1579.51,0.4217784629410387,0.03571428571428571,35.27333333333333,101.0,1,28,105.82,1.0,48.0,0.0,1.0,0.0
20083.1,0.4051220777668786,0.03363914373088685,20.994666666666667,0.12121212121212122,66,1962,1259.68,1.0,48.0,0.0,0.0,1.0
8561.87,0.3959131474782962,0.023305084745762712,37.975,0.9090909090909091,11,472,303.8,1.0,72.0,1.0,0.0,0.0
1002.3100000000001,0.3879249932655565,0.020833333333333332,35.27333333333333,0.0,1,48,105.82,1.0,72.0,0.0,1.0,0.0
22616.99,0.4028556850403171,0.030919446704637917,20.994666666666667,0.47368421052631576,76,2458,1259.68,1.0,72.0,0.0,0.0,1.0
8012.41,0.38834964760914625,0.017857142857142856,37.975,0.18181818181818182,11,616,303.8,1.0,96.0,1.0,0.0,0.0
999.26,0.4026583671917219,0.024390243902439025,35.27333333333333,0.0,1,41,105.82,1.0,96.0,0.0,1.0,0.0
21993.29,0.4073166270257883,0.02626892252894034,20.994666666666667,0.05084745762711865,59,2246,1259.68,1.0,96.0,0.0,0.0,1.0
21605.05,0.4000162832300781,0.048994974874371856,20.994666666666667,0.1794871794871795,39,796,1259.68,1.0,144.0,0.0,0.0,1.0
11235.18,0.4137779190008527,0.030035335689045935,55.48,1.2352941176470589,17,566,221.92,1.0,0.0,1.0,0.0,0.0
29820.66,0.4016243034191731,0.02844796543032049,21.921,0.20253164556962025,79,2777,1753.68,1.0,0.0,0.0,0.0,1.0
6191.81,0.40198102008944075,0.03503184713375796,55.48,0.18181818181818182,11,314,221.92,1.0,24.0,1.0,0.0,0.0
30282.3,0.4046395551196573,0.02826988315114964,21.921,0.48,75,2653,1753.68,1.0,24.0,0.0,0.0,1.0
7861.92,0.40536910830942063,0.020654044750430294,55.48,0.08333333333333333,12,581,221.92,1.0,48.0,1.0,0.0,0.0
22533.38,0.402963767530659,0.031696946269810594,21.921,0.524390243902439,82,2587,1753.68,1.0,48.0,0.0,0.0,1.0
31667.77,0.4096180817278893,0.022916666666666665,55.48,0.8181818181818182,11,480,221.92,1.0,72.0,1.0,0.0,0.0
28832.28,0.4061739168737262,0.01984732824427481,21.921,0.31868131868131866,91,4585,1753.68,1.0,72.0,0.0,0.0,1.0
6886.16,0.39505021666647305,0.021686746987951807,55.48,0.0,9,415,221.92,1.0,96.0,1.0,0.0,0.0
731.6899999999999,0.4111713977230794,0.017543859649122806,28.816666666666666,0.0,1,57,86.45,1.0,96.0,0.0,1.0,0.0
52357.03,0.39575721541118736,0.028750653423941452,21.921,0.2909090909090909,55,1913,1753.68,1.0,96.0,0.0,0.0,1.0
-15.7,0.3962420382165605,0.05555555555555555,55.48,2.0,1,18,221.92,1.0,144.0,1.0,0.0,0.0
12267.73,0.40724314115162297,0.05491698595146871,21.921,0.046511627906976744,43,783,1753.68,1.0,144.0,0.0,0.0,1.0
1614.0700000000002,0.3904616900134443,0.01881720430107527,74.75,1.0,7,372,224.25,1.0,0.0,1.0,0.0,0.0
28745.5,0.40079530709154476,0.024193548387096774,22.91283783783784,0.8817204301075269,93,3844,1695.5500000000002,1.0,0.0,0.0,0.0,1.0
2823.91,0.40628653179456853,0.030534351145038167,74.75,0.0,4,131,224.25,1.0,24.0,1.0,0.0,0.0
31930.81,0.40085720343455117,0.022966507177033493,22.91283783783784,0.16666666666666666,72,3135,1695.5500000000002,1.0,24.0,0.0,0.0,1.0
1901.23,0.394226106257528,0.02654867256637168,74.75,0.6666666666666666,6,226,224.25,1.0,48.0,1.0,0.0,0.0
1948.0400000000002,0.3805486540317447,0.02197802197802198,25.866666666666664,0.0,2,91,77.6,1.0,48.0,0.0,1.0,0.0
29667.7,0.39717321531497224,0.031282952548330405,22.91283783783784,0.1348314606741573,89,2845,1695.5500000000002,1.0,48.0,0.0,0.0,1.0
13427.17,0.3856667339431913,0.019886363636363636,74.75,0.7857142857142857,14,704,224.25,1.0,72.0,1.0,0.0,0.0
32098.4,0.4056895078882437,0.02905759162303665,22.91283783783784,0.3963963963963964,111,3820,1695.5500000000002,1.0,72.0,0.0,0.0,1.0
11027.61,0.3859635496721411,0.030927835051546393,74.75,0.1111111111111111,9,291,224.25,1.0,96.0,1.0,0.0,0.0
25590.63,0.396113436832153,0.022053756030323914,22.91283783783784,0.234375,64,2902,1695.5500000000002,1.0,96.0,0.0,0.0,1.0
3581.11,0.4042857940694366,0.043478260869565216,74.75,0.0,6,138,224.25,1.0,144.0,1.0,0.0,0.0
30547.63,0.4024141905607735,0.044282238442822384,22.91283783783784,0.06593406593406594,91,2055,1695.5500000000002,1.0,144.0,0.0,0.0,1.0
3982.65,0.408070706690269,0.03197674418604651,52.286,0.0,11,344,261.43,1.0,0.0,1.0,0.0,0.0
27208.25,0.40130066799592035,0.031232571109871723,21.44763888888889,0.21428571428571427,56,1793,1544.23,1.0,0.0,0.0,0.0,1.0
3714.86,0.3952303451543262,0.024390243902439025,52.286,0.16666666666666666,6,246,261.43,1.0,24.0,1.0,0.0,0.0
24722.35,0.3978226746243783,0.03017394391196308,21.44763888888889,0.47058823529411764,85,2817,1544.23,1.0,24.0,0.0,0.0,1.0
6219.7,0.38331700885894815,0.03308823529411765,52.286,0.3333333333333333,9,272,261.43,1.0,48.0,1.0,0.0,0.0
450.24,0.2727078891257996,0.03571428571428571,20.163333333333334,0.5,2,56,60.49,1.0,48.0,0.0,1.0,0.0
31348.98,0.4066186938139614,0.03215077605321508,21.44763888888889,0.3793103448275862,87,2706,1544.23,1.0,48.0,0.0,0.0,1.0
2938.08,0.39698796492947774,0.029069767441860465,52.286,1.2,10,344,261.43,1.0,72.0,1.0,0.0,0.0
375.24,0.3790885833066837,0.030303030303030304,20.163333333333334,0.0,1,33,60.49,1.0,72.0,0.0,1.0,0.0
56148.37,0.39929288419236386,0.021953405017921146,21.44763888888889,0.15306122448979592,98,4464,1544.23,1.0,72.0,0.0,0.0,1.0
3981.71,0.40296475634840306,0.02912621359223301,52.286,0.4166666666666667,12,412,261.43,1.0,96.0,1.0,0.0,0.0
601.44,0.38,0.02857142857142857,20.163333333333334,0.0,1,35,60.49,1.0,96.0,0.0,1.0,0.0
48549.62,0.402231510771866,0.01966089466089466,21.44763888888889,0.7798165137614679,109,5544,1544.23,1.0,96.0,0.0,0.0,1.0
9437.61,0.40394112492463663,0.050955414012738856,52.286,0.0,8,157,261.43,1.0,144.0,1.0,0.0,0.0
33110.05,0.39814525801078526,0.03838383838383838,21.44763888888889,0.11578947368421053,95,2475,1544.23,1.0,144.0,0.0,0.0,1.0
2415.85,0.4095601134176377,0.018907563025210083,44.36,0.8888888888888888,9,476,221.8,1.0,0.0,1.0,0.0,0.0
24386.47,0.4000452258978032,0.021223185759926974,24.747014925373136,0.3333333333333333,93,4382,1658.0500000000002,1.0,0.0,0.0,0.0,1.0
1940.33,0.3923383135858333,0.02480916030534351,44.36,2.5384615384615383,13,524,221.8,1.0,24.0,1.0,0.0,0.0
35118.97,0.4013953911518476,0.021075581395348836,24.747014925373136,0.46551724137931033,116,5504,1658.0500000000002,1.0,24.0,0.0,0.0,1.0
2146.71,0.41036232187859567,0.025974025974025976,44.36,0.3333333333333333,6,231,221.8,1.0,48.0,1.0,0.0,0.0
55376.88,0.39235740438970196,0.02961847389558233,24.747014925373136,0.17796610169491525,118,3984,1658.0500000000002,1.0,48.0,0.0,0.0,1.0
13668.5,0.40612495153089223,0.027993779160186624,44.36,0.2222222222222222,18,643,221.8,1.0,72.0,1.0,0.0,0.0
53532.15,0.4011325885472562,0.03164845173041894,24.747014925373136,0.3669064748201439,139,4392,1658.0500000000002,1.0,72.0,0.0,0.0,1.0
7867.16,0.3951273394719314,0.024657534246575342,44.36,0.1111111111111111,18,730,221.8,1.0,96.0,1.0,0.0,0.0
28096.6,0.402690777531801,0.01959869342043864,24.747014925373136,0.15476190476190477,84,4286,1658.0500000000002,1.0,96.0,0.0,0.0,1.0
4063.86,0.42056485705708363,0.037037037037037035,44.36,0.0,4,108,221.8,1.0,144.0,1.0,0.0,0.0
23993.93,0.40057140285063764,0.04783342712436691,24.747014925373136,0.29411764705882354,85,1777,1658.0500000000002,1.0,144.0,0.0,0.0,1.0
4872.38,0.4124706816791794,0.02717391304347826,44.102000000000004,0.8,15,552,220.51000000000002,1.0,0.0,1.0,0.0,0.0
49958.94,0.3968381294719223,0.02259779718951766,25.94486111111111,0.4117647058823529,119,5266,1868.03,1.0,0.0,0.0,0.0,1.0
3892.6,0.399353234342085,0.021645021645021644,44.102000000000004,0.0,10,462,220.51000000000002,1.0,24.0,1.0,0.0,0.0
5355.4,0.37959689285580905,0.021505376344086023,21.183333333333334,0.0,2,93,63.55,1.0,24.0,0.0,1.0,0.0
37171.76,0.3999635852593475,0.026946914578280787,25.94486111111111,0.24,100,3711,1868.03,1.0,24.0,0.0,0.0,1.0
9804.68,0.394993554098655,0.027985074626865673,44.102000000000004,0.0,15,536,220.51000000000002,1.0,48.0,1.0,0.0,0.0
36746.61,0.40196332940644053,0.033006001091107476,25.94486111111111,0.2727272727272727,121,3666,1868.03,1.0,48.0,0.0,0.0,1.0
13162.81,0.3963134771374805,0.022341376228775692,44.102000000000004,0.2,25,1119,220.51000000000002,1.0,72.0,1.0,0.0,0.0
4808.48,0.3974923884470768,0.027777777777777776,21.183333333333334,0.0,1,36,63.55,1.0,72.0,0.0,1.0,0.0
35956.02,0.4030531994364226,0.018685955394816153,25.94486111111111,0.18548387096774194,124,6636,1868.03,1.0,72.0,0.0,0.0,1.0
6727.59,0.39403701771362404,0.018010291595197257,44.102000000000004,0.9523809523809523,21,1166,220.51000000000002,1.0,96.0,1.0,0.0,0.0
28131.86,0.3989125354669048,0.025690846286701208,25.94486111111111,0.5294117647058824,119,4632,1868.03,1.0,96.0,0.0,0.0,1.0
3279.55,0.39218840999527377,0.049689440993788817,44.102000000000004,0.0,8,161,220.51000000000002,1.0,144.0,1.0,0.0,0.0
26558.81,0.4046263970411325,0.04055220017256255,25.94486111111111,0.1702127659574468,94,2318,1868.03,1.0,144.0,0.0,0.0,1.0
3676.28,0.40916698401645146,0.01855287569573284,44.326,0.5,10,539,221.63,1.0,0.0,1.0,0.0,0.0
39829.56,0.3980377413157464,0.02486459871984244,30.077894736842108,0.31683168316831684,101,4062,1714.44,1.0,0.0,0.0,0.0,1.0
5663.4800000000005,0.39879182057674795,0.02640845070422535,44.326,0.26666666666666666,15,568,221.63,1.0,24.0,1.0,0.0,0.0
42662.87,0.4021669943911416,0.027266962587190868,30.077894736842108,0.2558139534883721,129,4731,1714.44,1.0,24.0,0.0,0.0,1.0
15133.0,0.3858619242714597,0.022222222222222223,44.326,0.625,16,720,221.63,1.0,48.0,1.0,0.0,0.0
53738.44,0.40287558961518055,0.024542193694544082,30.077894736842108,0.3153846153846154,130,5297,1714.44,1.0,48.0,0.0,0.0,1.0
6935.28,0.39982267478746353,0.032467532467532464,44.326,0.26666666666666666,15,462,221.63,1.0,72.0,1.0,0.0,0.0
286.4,0.4409567039106144,0.034482758620689655,18.316666666666666,0.0,1,29,54.95,1.0,72.0,0.0,1.0,0.0
27925.08,0.3966307562950581,0.021043944708066847,30.077894736842108,0.47058823529411764,102,4847,1714.44,1.0,72.0,0.0,0.0,1.0
3178.1,0.39553525691450864,0.02608695652173913,44.326,0.0,6,230,221.63,1.0,96.0,1.0,0.0,0.0
22658.45,0.39906144948131933,0.02410901467505241,30.077894736842108,0.36231884057971014,69,2862,1714.44,1.0,96.0,0.0,0.0,1.0
829.91,0.4050272921160125,0.038461538461538464,44.326,0.0,1,26,221.63,1.0,144.0,1.0,0.0,0.0
16425.19,0.40472368356165134,0.05688622754491018,30.077894736842108,0.17543859649122806,57,1002,1714.44,1.0,144.0,0.0,0.0,1.0
3624.65,0.4067634944063565,0.020560747663551402,70.85666666666667,1.1818181818181819,11,535,212.57,1.0,0.0,1.0,0.0,0.0
44665.5,0.3996689234420302,0.02011133057999641,27.506999999999998,0.08928571428571429,112,5569,1100.28,1.0,0.0,0.0,0.0,1.0
3212.32,0.3876454711859342,0.023980815347721823,70.85666666666667,0.0,10,417,212.57,1.0,24.0,1.0,0.0,0.0
3651.6,0.38000000000000006,0.03333333333333333,27.543333333333333,0.0,1,30,82.63,1.0,24.0,0.0,1.0,0.0
41192.75,0.39705429474846904,0.03137550200803213,27.506999999999998,0.12,125,3984,1100.28,1.0,24.0,0.0,0.0,1.0
8786.6,0.3941804452234084,0.025537634408602152,70.85666666666667,0.5789473684210527,19,744,212.57,1.0,48.0,1.0,0.0,0.0
31218.0,0.39862080850791215,0.03650336215177714,27.506999999999998,0.5526315789473685,114,3123,1100.28,1.0,48.0,0.0,0.0,1.0
2900.85,0.40123312132650774,0.03125,70.85666666666667,0.6666666666666666,9,288,212.57,1.0,72.0,1.0,0.0,0.0
40591.5,0.4029037828116724,0.024756428685513497,27.506999999999998,0.5161290322580645,155,6261,1100.28,1.0,72.0,0.0,0.0,1.0
3082.09,0.3854671343147021,0.022900763358778626,70.85666666666667,1.8333333333333333,12,524,212.57,1.0,96.0,1.0,0.0,0.0
269.96,0.3973847977478145,0.029411764705882353,27.543333333333333,0.0,1,34,82.63,1.0,96.0,0.0,1.0,0.0
40467.07,0.3917040176123451,0.020813623462630087,27.506999999999998,0.12727272727272726,110,5285,1100.28,1.0,96.0,0.0,0.0,1.0
2751.3,0.4023204303420202,0.05785123966942149,70.85666666666667,0.0,7,121,212.57,1.0,144.0,1.0,0.0,0.0
17336.26,0.40755255170376997,0.04829308909242298,27.506999999999998,0.06896551724137931,58,1201,1100.28,1.0,144.0,0.0,0.0,1.0
2208.79,0.4049751221256887,0.02926829268292683,57.2075,0.25,12,410,228.83,1.0,0.0,1.0,0.0,0.0
615.28,0.41416980886750737,0.02702702702702703,18.69333333333333,0.0,1,37,56.08,1.0,0.0,0.0,1.0,0.0
51578.85,0.40282711227567114,0.021191085129704055,44.4855,0.1810344827586207,116,5474,889.71,1.0,0.0,0.0,0.0,1.0
3483.9900000000002,0.3883750527412536,0.03571428571428571,57.2075,0.25,12,336,228.83,1.0,24.0,1.0,0.0,0.0
-116.92999999999999,0.37381681347814927,0.03333333333333333,18.69333333333333,8.0,1,30,56.08,1.0,24.0,0.0,1.0,0.0
39736.79,0.39558287924112645,0.022862286228622863,44.4855,0.6929133858267716,127,5555,889.71,1.0,24.0,0.0,0.0,1.0
19407.64,0.3990093849638596,0.02664576802507837,57.2075,0.47058823529411764,17,638,228.83,1.0,48.0,1.0,0.0,0.0
49063.58,0.39814302176889665,0.0251604621309371,44.4855,0.19387755102040816,98,3895,889.71,1.0,48.0,0.0,0.0,1.0
2945.84,0.4089673573581729,0.021621621621621623,57.2075,2.125,8,370,228.83,1.0,72.0,1.0,0.0,0.0
-269.96,0.3973847977478145,0.034482758620689655,18.69333333333333,11.0,1,29,56.08,1.0,72.0,0.0,1.0,0.0
46461.05,0.3936622159852177,0.028938156359393234,44.4855,0.31451612903225806,124,4285,889.71,1.0,72.0,0.0,0.0,1.0
4627.5,0.3923197622906537,0.02857142857142857,57.2075,0.0,8,280,228.83,1.0,96.0,1.0,0.0,0.0
10998.400000000003,0.39573585248763465,0.030204081632653063,44.4855,0.16216216216216217,37,1225,889.71,1.0,96.0,0.0,0.0,1.0
